"","","","","","","","","Realists","","","","","","OSRS Isle","","","","","","Chaos Emerald","","","","","","Cookhouse","","","","","","Arcanyx","","","","","","Winnie Blues","","","","","","Resurgent","","","","","","Patryn Exile","","","","","","Candor","","","","","","Ancient Fury","","","","","","No XP Waste","","","","",""
"","","","","","","","","6922","","","","","","5201","","","","","","0","","","","","","2541","","","","","","3834","","","","","","0","","","","","","11292","","","","","","3353","","","","","","10063","","","","","","5276","","","","","","1803","","","","",""
"","","","","","","boss/item name","","100","80","60","40","20","","100","80","60","40","20","","","","","","","","100","80","60","40","20","","100","80","60","40","20","","","","","","","","100","80","60","40","20","","100","80","60","40","20","","100","80","60","40","20","","100","80","60","40","20","","100","80","60","40","20",""
"","","","","","40"," Kree'arra ","","x","","","","","","x","","","","","","","","","","","","x","x","","","","","x","","","","","","","","","","","","x","x","x","x","","","","","","","","","x","x","","","","","","","","","","","","","","","",""
"11826","","","","8,997,487","9"," armadyl helmet ","","x","","","","","","x","","","","","","","","","","","","x","x","","","","","x","x","","","","","","","","","","","x","x","x","x","x","","x","","","","","","x","x","x","x","x","","","","","","","","x","","","","",""
"11828","","","","35,764,382","9"," armadyl chestplate ","","x","x","x","x","","","x","x","x","x","","","","","","","","","x","x","x","x","x","","x","x","","","","","","","","","","","x","x","x","x","x","","","","","","","","x","x","x","x","x","","x","x","","","","","","","","","",""
"11830","","","","26,764,320","9"," armadyl chainskirt ","","x","","","","","","x","x","","","","","","","","","","","x","x","x","x","","","x","x","x","x","","","","","","","","","x","x","x","x","","","","","","","","","x","x","","","","","x","","","","","","x","","","","",""
"11810","","","","6,784,388","13"," armadyl hilt ","","x","","","","","","x","x","","","","","","","","","","","x","x","x","","","","x","","","","","","","","","","","","x","x","x","x","","","x","","","","","","x","x","x","","","","","","","","","","x","x","","","",""
"","","","","","60"," pet (bonus) ","","","","","","","","x","","","","","","","","","","","","x","","","","","","","","","","","","","","","","","","","","","","","","","","","","","","","","","","","","","","","","","","","","","","",""
"","","","","","40"," General Graardor ","","x","","","","","","x","","","","","","","","","","","","","","","","","","","","","","","","","","","","","","x","x","x","","","","x","","","","","","x","x","x","","","","","","","","","","","","","","",""
"11832","","","","23,049,433","7"," bandos chestplate ","","x","","","","","","x","x","x","x","","","","","","","","","","","","","","","x","","","","","","","","","","","","x","x","x","x","x","","x","","","","","","x","x","x","x","x","","x","x","","","","","x","","","","",""
"11834","","","","15,514,241","7"," bandos tassets ","","x","","","","","","x","","","","","","","","","","","","x","x","","","","","","","","","","","","","","","","","x","x","x","","","","x","","","","","","x","x","x","","","","x","","","","","","","","","","",""
"11836","","","","762,845","7"," bandos boots ","","x","","","","","","x","x","","","","","","","","","","","","","","","","","","","","","","","","","","","","","x","x","x","x","x","","x","","","","","","x","x","x","","","","x","x","","","","","x","","","","",""
"11812","","","","17,525,461","9"," bandos hilt ","","x","","","","","","x","","","","","","","","","","","","","","","","","","x","","","","","","","","","","","","x","x","x","","","","x","x","","","","","x","x","x","","","","","","","","","","x","","","","",""
"","","","","","45"," pet (bonus) ","","","","","","","","","","","","","","","","","","","","","","","","","","","","","","","","","","","","","","","","","","","","","","","","","","x","","","","","","x","x","","","","","","","","","",""
"","","","","","40"," Commander Zilyana ","","x","x","x","","","","x","x","","","","","","","","","","","","","","","","","","","","","","","","","","","","","x","x","x","x","","","","","","","","","x","","","","","","","","","","","","","","","","",""
"11838","","","","137,190","2"," saradomin sword ","","x","x","x","x","x","","x","x","","","","","","","","","","","","","","","","","x","x","x","x","","","","","","","","","x","x","x","x","x","","x","","","","","","x","x","x","x","x","","","","","","","","x","x","","","",""
"13256","","","","60,032","5"," saradomin light ","","x","x","x","x","x","","x","x","x","x","","","","","","","","","x","x","","","","","x","x","x","x","","","","","","","","","x","x","x","x","x","","","","","","","","x","x","x","x","","","","","","","","","x","","","","",""
"11785","","","","38,805,620","9"," armadyl crossbow ","","x","x","x","","","","x","x","","","","","","","","","","","","","","","","","","","","","","","","","","","","","x","x","x","x","x","","x","","","","","","x","","","","","","","","","","","","","","","","",""
"11814","","","","24,465,724","9"," saradomin hilt ","","x","x","x","x","x","","x","x","x","","","","","","","","","","x","","","","","","x","","","","","","","","","","","","x","x","x","x","","","","","","","","","x","x","x","x","x","","","","","","","","x","","","","",""
"","","","","","45"," pet (bonus) ","","","","","","","","","","","","","","","","","","","","x","","","","","","","","","","","","","","","","","","","","","","","","","","","","","","","","","","","","","","","","","","","","","","",""
"","","","","","40"," K'ril Tsutsaroth ","","x","","","","","","x","","","","","","","","","","","","","","","","","","x","x","","","","","","","","","","","x","x","","","","","","","","","","","x","","","","","","","","","","","","","","","","",""
"11787","","","","29,800","2"," steam battlestaff ","","x","x","x","","","","x","x","x","x","x","","","","","","","","x","x","","","","","x","x","x","x","","","","","","","","","x","x","x","x","x","","x","x","x","x","","","x","x","x","x","x","","x","x","x","","","","x","x","","","",""
"11824","","","","1,179,728","2"," zamorak spear ","","x","x","x","","","","x","x","x","x","x","","","","","","","","x","x","x","","","","x","x","x","x","","","","","","","","","x","x","x","x","x","","x","","","","","","x","x","x","x","x","","x","x","x","x","x","","","","","","",""
"11791","","","","5,461,078","7"," staff of the dead ","","x","","","","","","x","","","","","","","","","","","","x","","","","","","x","x","","","","","","","","","","","x","x","x","x","x","","","","","","","","x","x","x","x","","","","","","","","","","","","","",""
"11816","","","","16,070,031","7"," zamorak hilt ","","x","","","","","","x","x","","","","","","","","","","","","","","","","","x","x","","","","","","","","","","","x","x","","","","","","","","","","","x","","","","","","x","","","","","","","","","","",""
"","","","","","35"," pet (bonus) ","","","","","","","","","","","","","","","","","","","","","","","","","","","","","","","","","","","","","","x","","","","","","x","","","","","","","","","","","","","","","","","","","","","","",""
"","","","","","60"," Nex ","","","","","","","","","","","","","","","","","","","","","","","","","","","","","","","","","","","","","","x","","","","","","","","","","","","x","","","","","","","","","","","","","","","","",""
"26235","","","","77,311,923","15"," zaryte vambraces ","","","","","","","","x","","","","","","","","","","","","x","","","","","","","","","","","","","","","","","","x","x","x","","","","","","","","","","x","","","","","","","","","","","","","","","","",""
"26372","","","","341,340,429","20"," nihil horn ","","","","","","","","","","","","","","","","","","","","","","","","","","","","","","","","","","","","","","x","","","","","","","","","","","","x","","","","","","x","","","","","","","","","","",""
"26370","","","","38,833,600","40"," ancient hilt ","","","","","","","","x","","","","","","","","","","","","","","","","","","","","","","","","","","","","","","x","","","","","","","","","","","","x","","","","","","","","","","","","","","","","",""
"","","","","","0"," any torva piece ","","","","","","","","x","","","","","","","","","","","","","","","","","","x","","","","","","","","","","","","x","x","x","","","","","","","","","","x","","","","","","x","","","","","","x","","","","",""
"26376","","","","206,176,451","20"," torva full helm (bonus) ","","","","","","","","","","","","","","","","","","","","","","","","","","","","","","","","","","","","","","","","","","","","","","","","","","","","","","","","","","","","","","x","","","","",""
"26378","","","","159,151,760","20"," torva platebody (bonus) ","","","","","","","","x","","","","","","","","","","","","","","","","","","x","","","","","","","","","","","","x","x","x","","","","","","","","","","","","","","","","","","","","","","","","","","",""
"26380","","","","102,036,446","20"," torva platelegs (bonus) ","","","","","","","","","","","","","","","","","","","","","","","","","","","","","","","","","","","","","","","","","","","","","","","","","","x","","","","","","x","","","","","","","","","","",""
"","","","","","40"," pet (bonus) ","","","","","","","","","","","","","","","","","","","","x","","","","","","","","","","","","","","","","","","","","","","","","","","","","","","","","","","","","","","","","","","","","","","",""
"","","","","","20"," Wilderness wards ","","x","","","","","","","","","","","","","","","","","","","","","","","","x","","","","","","","","","","","","x","x","x","","","","","","","","","","x","x","","","","","x","","","","","","","","","","",""
"11928","","","","2,351,045","3"," odium 1 ","","x","x","","","","","x","x","x","x","x","","","","","","","","","","","","","","x","","","","","","","","","","","","x","x","x","","","","","","","","","","x","x","x","","","","x","x","x","","","","","","","","",""
"11929","","","","615,650","3"," odium 2 ","","x","","","","","","x","x","x","x","","","","","","","","","","","","","","","x","","","","","","","","","","","","x","x","x","","","","x","","","","","","x","x","","","","","x","","","","","","","","","","",""
"11930","","","","240,148","3"," odium 3 ","","x","","","","","","","","","","","","","","","","","","","","","","","","x","","","","","","","","","","","","x","x","x","x","","","x","","","","","","x","x","x","x","x","","x","","","","","","","","","","",""
"11931","","","","1,038,552","3"," maled 1 ","","x","x","","","","","x","","","","","","","","","","","","x","","","","","","x","x","x","","","","","","","","","","x","x","x","x","x","","","","","","","","x","x","x","","","","x","x","x","","","","","","","","",""
"11932","","","","478,739","3"," maled 2 ","","x","x","","","","","","","","","","","","","","","","","","","","","","","x","x","","","","","","","","","","","x","x","x","x","x","","","","","","","","x","x","x","","","","x","x","x","x","x","","x","","","","",""
"11933","","","","184,478","3"," maled 3 ","","x","","","","","","","","","","","","","","","","","","","","","","","","x","","","","","","","","","","","","x","x","x","x","x","","x","","","","","","x","x","x","","","","x","x","x","x","x","","","","","","",""
"","","","","","20"," Chaos Elemental ","","x","","","","","","","","","","","","","","","","","","","","","","","","","","","","","","","","","","","","x","x","x","","","","","","","","","","x","x","x","","","","x","","","","","","","","","","",""
"7158","","","","133,554","2"," dragon 2h ","","x","","","","","","","","","","","","","","","","","","","","","","","","x","x","x","x","x","","","","","","","","x","x","x","x","x","","x","","","","","","x","x","x","x","x","","x","x","x","x","x","","x","","","","",""
"11920","","","","572,299","4"," dragon pickaxe ","","x","","","","","","","","","","","","","","","","","","x","x","","","","","","","","","","","","","","","","","x","x","x","","","","","","","","","","x","x","x","x","x","","x","","","","","","","","","","",""
"","","","","","5"," chaos elemental pet ","","x","","","","","","","","","","","","","","","","","","x","x","","","","","x","x","","","","","","","","","","","x","x","x","","","","","","","","","","x","x","x","","","","x","","","","","","","","","","",""
"","","","","","40"," Venenatis / Spindel ","","x","","","","","","","","","","","","","","","","","","","","","","","","","","","","","","","","","","","","x","x","x","","","","","","","","","","x","x","x","x","","","x","x","","","","","","","","","",""
"27670","","","","63,616","4"," fangs of venenatis ","","x","","","","","","x","","","","","","","","","","","","","","","","","","","","","","","","","","","","","","x","x","x","x","x","","","","","","","","x","x","x","x","","","x","x","","","","","","","","","",""
"7158","","","","133,554","5"," dragon 2h ","","x","x","","","","","","","","","","","","","","","","","","","","","","","","","","","","","","","","","","","x","x","x","x","x","","x","","","","","","x","x","x","x","x","","x","x","x","","","","","","","","",""
"11920","","","","572,299","5"," dragon pickaxe ","","x","x","x","x","","","","","","","","","","","","","","","","","","","","","x","x","","","","","","","","","","","x","x","x","x","x","","x","","","","","","x","x","x","x","x","","x","x","x","","","","","","","","",""
"27687","","","","33,035,393","7"," voidwaker gem  ","","x","","","","","","","","","","","","","","","","","","","","","","","","x","","","","","","","","","","","","x","x","x","","","","","","","","","","x","x","x","x","","","x","x","x","x","x","","","","","","",""
"12605","","","","78,853","10"," treasonous ring ","","x","","","","","","","","","","","","","","","","","","","","","","","","","","","","","","","","","","","","x","x","x","x","x","","","","","","","","x","x","x","x","","","x","x","x","x","","","","","","","",""
"","","","","","20"," pet (bonus) ","","x","","","","","","","","","","","","","","","","","","","","","","","","","","","","","","","","","","","","x","x","","","","","","","","","","","x","","","","","","","","","","","","","","","","",""
"","","","","","40"," Callisto / Artio ","","x","","","","","","","","","","","","","","","","","","","","","","","","","","","","","","","","","","","","x","x","x","x","","","","","","","","","x","x","","","","","x","","","","","","","","","","",""
"27667","","","","48,543","4"," claws of callisto ","","x","x","x","x","x","","","","","","","","","","","","","","x","x","","","","","","","","","","","","","","","","","x","x","x","x","x","","x","","","","","","x","x","x","x","x","","x","x","x","x","x","","","","","","",""
"7158","","","","133,554","5"," dragon 2h ","","x","x","x","","","","","","","","","","","","","","","","","","","","","","","","","","","","","","","","","","x","x","x","x","x","","x","","","","","","x","x","x","x","x","","x","x","x","x","x","","","","","","",""
"11920","","","","572,299","5"," dragon pickaxe ","","x","x","x","x","x","","","","","","","","","","","","","","x","","","","","","x","","","","","","","","","","","","x","x","x","x","x","","x","x","","","","","x","x","x","x","x","","x","x","x","x","x","","","","","","",""
"27681","","","","2,694,820","7"," voidwaker hilt  ","","x","","","","","","","","","","","","","","","","","","","","","","","","x","","","","","","","","","","","","x","x","x","x","","","","","","","","","x","x","","","","","x","x","x","x","x","","","","","","",""
"12603","","","","151,522","10"," tyrannical ring ","","x","x","x","x","x","","","","","","","","","","","","","","","","","","","","","","","","","","","","","","","","x","x","x","x","x","","","","","","","","x","x","x","x","x","","x","","","","","","","","","","",""
"","","","","","20"," pet (bonus) ","","x","x","x","","","","","","","","","","","","","","","","","","","","","","","","","","","","","","","","","","","","","","","","","","","","","","x","","","","","","","","","","","","","","","","",""
"","","","","","40"," Vet'ion / Calvar'ion ","","x","x","","","","","x","","","","","","","","","","","","","","","","","","","","","","","","","","","","","","x","x","x","","","","","","","","","","x","x","x","","","","x","x","","","","","","","","","",""
"27673","","","","49,036","6"," skull of vet'ion ","","x","x","x","","","","x","x","x","","","","","","","","","","","","","","","","x","","","","","","","","","","","","x","x","x","x","x","","x","x","x","","","","x","x","x","x","x","","x","x","x","x","x","","","","","","",""
"7158","","","","133,554","8"," dragon 2h ","","x","x","","","","","x","x","x","x","","","","","","","","","","","","","","","x","x","","","","","","","","","","","x","x","x","x","x","","x","","","","","","x","x","x","x","x","","x","x","x","x","","","","","","","",""
"11920","","","","572,299","8"," dragon pickaxe ","","x","x","x","x","x","","x","x","x","","","","","","","","","","x","","","","","","x","","","","","","","","","","","","x","x","x","x","x","","x","x","","","","","x","x","x","x","x","","x","x","","","","","","","","","",""
"27684","","","","1,394,450","12"," voidwaker blade   ","","x","x","","","","","x","","","","","","","","","","","","","","","","","","","","","","","","","","","","","","x","x","x","","","","","","","","","","x","x","x","x","x","","x","x","","","","","","","","","",""
"12601","","","","1,007,659","16"," ring of the gods ","","x","x","","","","","x","","","","","","","","","","","","x","","","","","","","","","","","","","","","","","","x","x","x","","","","","","","","","","x","x","x","","","","x","x","x","x","","","","","","","",""
"","","","","","30"," pet (bonus) ","","x","","","","","","","","","","","","","","","","","","","","","","","","","","","","","","","","","","","","x","","","","","","x","","","","","","","","","","","","x","","","","","","","","","","",""
"","","","","","50"," King Black Dragon ","","","","","","","","","","","","","","","","","","","","","","","","","","","","","","","","","","","","","","","","","","","","","","","","","","","","","","","","","","","","","","","","","","",""
"","","","","","1"," kbd heads ","","x","x","x","x","x","","x","x","x","x","x","","","","","","","","x","","","","","","x","x","x","x","x","","","","","","","","x","x","x","x","x","","x","x","","","","","x","x","x","x","x","","x","x","","","","","x","","","","",""
"11920","","","","572,299","12"," dragon pickaxe ","","x","x","","","","","x","x","","","","","","","","","","","","","","","","","","","","","","","","","","","","","","","","","","","","","","","","","","","","","","","","","","","","","","","","","",""
"11286","","","","3,857,298","40"," draconic visage ","","","","","","","","","","","","","","","","","","","","","","","","","","","","","","","","","","","","","","","","","","","","","","","","","","","","","","","","x","","","","","","","","","","",""
"","","","","","25"," pet (bonus) ","","","","","","","","x","","","","","","","","","","","","","","","","","","","","","","","","","","","","","","","","","","","","","","","","","","","","","","","","","","","","","","","","","","",""
"","","","","","60"," Revenant Caves (pvm) ","","","","","","","","","","","","","","","","","","","","","","","","","","","","","","","","","","","","","","x","","","","","","","","","","","","x","x","","","","","","","","","","","","","","","",""
"21817","","","","42,913","1"," bracelet of ethereum ","","x","x","x","x","x","","x","x","x","x","x","","","","","","","","x","x","x","x","x","","x","x","x","x","x","","","","","","","","x","x","x","x","x","","x","x","x","x","x","","x","x","x","x","x","","x","x","x","x","x","","x","x","x","x","",""
"21804","","","","152,696","10"," ancient crystal ","","","","","","","","","","","","","","","","","","","","","","","","","","","","","","","","","","","","","","x","x","","","","","","","","","","","x","x","x","x","","","x","x","","","","","","","","","",""
"22557","","","","402,919","10"," amulet of avarice ","","","","","","","","","","","","","","","","","","","","","","","","","","","","","","","","","","","","","","x","x","","","","","","","","","","","x","x","","","","","x","x","x","","","","","","","","",""
"22552","","","","3,766,185","20"," thammaron's sceptre ","","x","","","","","","","","","","","","","","","","","","","","","","","","","","","","","","","","","","","","x","","","","","","","","","","","","x","x","","","","","x","","","","","","","","","","",""
"22547","","","","16,410,762","20"," craw's bow ","","x","","","","","","","","","","","","","","","","","","","","","","","","","","","","","","","","","","","","x","","","","","","","","","","","","x","x","x","","","","","","","","","","","","","","",""
"22542","","","","5,329,353","20"," viggora's chainmace ","","","","","","","","","","","","","","","","","","","","","","","","","","","","","","","","","","","","","","x","","","","","","","","","","","","x","x","x","","","","","","","","","","","","","","",""
"","","","","","0"," any ancient statuette ","","x","x","x","","","","x","x","x","x","","","","","","","","","x","x","x","x","","","x","","","","","","","","","","","","x","x","x","x","x","","x","x","x","","","","x","x","x","x","x","","x","x","x","x","x","","","","","","",""
"21807","","","","498,755","1"," ancient emblem (bonus) ","","","","","","","","","","","","","","","","","","","","x","x","","","","","","","","","","","","","","","","","x","x","x","x","x","","","","","","","","x","x","x","x","x","","x","x","","","","","","","","","",""
"21810","","","","997,824","2"," ancient totem (bonus) ","","x","x","","","","","x","x","x","x","","","","","","","","","x","x","","","","","x","","","","","","","","","","","","x","x","x","x","x","","x","x","","","","","x","x","x","x","x","","x","x","x","x","x","","","","","","",""
"21813","","","","1,997,287","4"," ancient statuette (bonus) ","","","","","","","","","","","","","","","","","","","","","","","","","","","","","","","","","","","","","","x","x","x","x","x","","","","","","","","x","","","","","","x","","","","","","","","","","",""
"22299","","","","3,994,001","8"," ancient medallion (bonus) ","","","","","","","","","","","","","","","","","","","","","","","","","","","","","","","","","","","","","","x","x","","","","","","","","","","","x","","","","","","","","","","","","","","","","",""
"22302","","","","7,988,002","8"," ancient effigy (bonus) ","","x","","","","","","","","","","","","","","","","","","","","","","","","","","","","","","","","","","","","x","","","","","","x","","","","","","x","","","","","","","","","","","","","","","","",""
"22305","","","","15,976,744","8"," ancient relic (bonus) ","","","","","","","","","","","","","","","","","","","","","","","","","","","","","","","","","","","","","","","","","","","","","","","","","","x","x","x","","","","x","","","","","","","","","","",""
"","","","","","10"," Sarachnis ","","x","","","","","","x","x","x","x","x","","","","","","","","x","x","x","","","","x","x","x","x","x","","","","","","","","x","x","x","","","","x","x","x","x","x","","x","x","x","","","","x","x","x","x","x","","x","x","","","",""
"23517","","","","17,438","1"," giant egg sac ","","x","x","x","x","x","","x","x","x","x","x","","","","","","","","x","x","x","x","x","","x","x","x","x","x","","","","","","","","x","x","x","x","x","","x","x","x","x","x","","x","x","x","x","x","","x","x","x","x","x","","x","x","x","x","x",""
"1149","","","","58,482","2"," dragon med helm ","","x","x","","","","","x","x","x","x","x","","","","","","","","x","x","x","","","","x","x","x","x","x","","","","","","","","x","x","x","x","x","","x","x","x","x","x","","x","x","x","x","x","","x","x","x","x","x","","x","x","x","","",""
"23528","","","","117,707","5"," cudgel ","","x","","","","","","x","x","x","x","x","","","","","","","","x","x","x","","","","x","x","x","x","x","","","","","","","","x","x","x","","","","x","x","x","x","x","","x","x","x","","","","x","x","x","x","x","","x","x","","","",""
"23525","","","","61,461","25"," jar of eyes (bonus) ","","x","","","","","","x","","","","","","","","","","","","","","","","","","x","","","","","","","","","","","","x","","","","","","","","","","","","x","x","x","","","","x","x","x","x","","","","","","","",""
"","","","","","25"," pet (bonus) ","","","","","","","","","","","","","","","","","","","","","","","","","","","","","","","","","","","","","","x","","","","","","","","","","","","x","","","","","","","","","","","","","","","","",""
"","","","","","20"," Dagannoth Kings ","","x","x","x","x","","","x","x","","","","","","","","","","","","","","","","","x","x","","","","","","","","","","","x","x","x","x","","","x","","","","","","x","x","x","x","x","","x","x","x","","","","x","","","","",""
"","","","","","4"," Dagannoth Supreme ","","x","x","x","x","x","","x","x","","","","","","","","","","","","","","","","","x","x","x","","","","","","","","","","x","x","x","x","","","x","","","","","","x","x","x","x","x","","x","x","x","","","","x","x","","","",""
"6724","","","","39,749","2"," seercull bow ","","x","x","x","x","x","","x","x","x","","","","","","","","","","x","x","x","","","","x","x","x","x","x","","","","","","","","x","x","x","x","x","","x","x","x","x","","","x","x","x","x","x","","x","x","x","x","","","x","x","","","",""
"3749","","","","39,431","2"," archer helm ","","x","x","x","x","x","","x","x","x","x","","","","","","","","","x","x","x","","","","x","x","x","x","x","","","","","","","","x","x","x","x","x","","x","x","x","","","","x","x","x","x","x","","x","x","x","","","","x","x","x","x","",""
"6133","","","","4,321","2"," spined body ","","x","x","x","x","x","","x","x","","","","","","","","","","","x","x","x","x","","","x","x","x","x","","","","","","","","","x","x","x","x","x","","x","","","","","","x","x","x","x","x","","x","x","x","x","x","","x","x","x","x","",""
"6135","","","","16,431","2"," spined chaps ","","x","x","x","x","x","","x","x","","","","","","","","","","","","","","","","","x","x","x","x","x","","","","","","","","x","x","x","x","","","x","x","","","","","x","x","x","x","x","","x","x","x","x","x","","x","x","x","x","",""
"6733","","","","2,416,347","2"," archers ring ","","x","x","x","x","x","","x","x","","","","","","","","","","","","","","","","","x","x","x","","","","","","","","","","x","x","x","x","x","","x","x","","","","","x","x","x","x","x","","x","x","x","x","x","","x","x","x","","",""
"","","","","","30"," pet (bonus) ","","","","","","","","","","","","","","","","","","","","","","","","","","","","","","","","","","","","","","x","","","","","","x","","","","","","","","","","","","","","","","","","","","","","",""
"","","","","","4"," Dagannoth Rex ","","x","x","x","x","x","","x","x","x","x","","","","","","","","","x","x","","","","","x","x","","","","","","","","","","","x","x","x","x","x","","x","","","","","","x","x","x","x","x","","x","x","x","x","x","","x","x","","","",""
"6129","","","","38,393","2"," rock-shell plate ","","x","x","x","x","x","","x","x","x","x","x","","","","","","","","x","x","x","","","","x","x","x","","","","","","","","","","x","x","x","x","x","","x","","","","","","x","x","x","x","x","","x","x","x","x","x","","x","x","x","x","x",""
"6130","","","","37,918","2"," rock-shell legs ","","x","x","x","x","x","","x","x","x","x","x","","","","","","","","x","x","x","x","x","","x","x","","","","","","","","","","","x","x","x","x","x","","x","","","","","","x","x","x","x","x","","x","x","x","x","x","","x","x","x","x","x",""
"6737","","","","3,047,073","2"," berserker ring ","","x","x","x","x","x","","x","x","x","x","","","","","","","","","x","x","x","","","","x","x","x","x","x","","","","","","","","x","x","x","x","x","","x","x","x","x","x","","x","x","x","x","x","","x","x","x","x","x","","x","x","","","",""
"6735","","","","52,575","2"," warrior ring ","","x","x","x","x","x","","x","x","x","x","x","","","","","","","","x","x","","","","","x","x","x","x","x","","","","","","","","x","x","x","x","x","","x","x","x","","","","x","x","x","x","x","","x","x","x","x","x","","x","x","x","x","x",""
"","","","","","30"," pet (bonus) ","","","","","","","","","","","","","","","","","","","","x","","","","","","","","","","","","","","","","","","","","","","","","","","","","","","","","","","","","","","","","","","","","","","",""
"","","","","","4"," Dagannoth Prime ","","x","x","x","x","","","x","x","","","","","","","","","","","","","","","","","x","x","x","x","","","","","","","","","x","x","x","x","x","","x","","","","","","x","x","x","x","x","","x","x","x","x","x","","x","","","","",""
"6562","","","","23,075","2"," mud battlestaff ","","x","x","x","x","","","x","x","x","x","x","","","","","","","","x","x","x","x","","","x","x","x","x","x","","","","","","","","x","x","x","x","x","","x","","","","","","x","x","x","x","x","","x","x","x","x","x","","x","x","x","x","",""
"3755","","","","36,645","2"," farseer helm ","","x","x","x","x","x","","x","x","x","x","","","","","","","","","x","","","","","","x","x","x","x","x","","","","","","","","x","x","x","x","x","","x","x","x","","","","x","x","x","x","x","","x","x","x","x","x","","x","","","","",""
"6139","","","","26,388","2"," skeletal top ","","x","x","x","x","x","","x","x","","","","","","","","","","","x","x","x","","","","x","x","x","x","","","","","","","","","x","x","x","x","x","","x","x","x","x","x","","x","x","x","x","x","","x","x","x","x","x","","x","","","","",""
"6141","","","","22,966","2"," skeletal bottoms ","","x","x","x","x","x","","x","x","x","x","","","","","","","","","","","","","","","x","x","x","x","x","","","","","","","","x","x","x","x","x","","x","x","x","x","","","x","x","x","x","x","","x","x","x","x","x","","x","x","x","x","x",""
"6731","","","","651,120","2"," seers ring ","","x","x","x","x","x","","x","x","x","x","x","","","","","","","","x","x","x","x","","","x","x","x","x","x","","","","","","","","x","x","x","x","x","","x","x","x","x","","","x","x","x","x","x","","x","x","x","x","x","","x","x","x","x","",""
"","","","","","30"," pet (bonus) ","","","","","","","","","","","","","","","","","","","","","","","","","","","","","","","","","","","","","","","","","","","","","","","","","","x","","","","","","","","","","","","","","","","",""
"","","","","","40"," Demonic Gorillas ","","x","","","","","","","","","","","","","","","","","","","","","","","","","","","","","","","","","","","","x","x","","","","","","","","","","","x","x","","","","","x","","","","","","","","","","",""
"19529","","","","15,939,187","6"," zenyte shard ","","x","x","x","x","x","","x","x","x","x","x","","","","","","","","x","x","x","","","","x","","","","","","","","","","","","x","x","x","x","x","","x","x","x","","","","x","x","x","x","x","","x","x","x","x","x","","x","","","","",""
"19592","","","","29,137","10"," ballista limbs ","","x","x","x","","","","x","x","x","","","","","","","","","","x","x","","","","","","","","","","","","","","","","","x","x","x","x","x","","x","","","","","","x","x","x","x","x","","x","x","x","x","","","","","","","",""
"19601","","","","29,095","10"," ballista spring ","","x","x","x","x","","","x","x","x","x","x","","","","","","","","x","","","","","","x","x","x","","","","","","","","","","x","x","x","x","x","","x","x","","","","","x","x","x","","","","x","x","x","","","","","","","","",""
"19586","","","","28,976","15"," light frame ","","x","","","","","","","","","","","","","","","","","","","","","","","","x","x","x","x","","","","","","","","","x","x","x","x","x","","x","x","x","","","","x","x","x","x","","","x","x","","","","","","","","","",""
"19589","","","","380,809","30"," heavy frame ","","x","","","","","","x","x","","","","","","","","","","","","","","","","","","","","","","","","","","","","","x","x","","","","","x","","","","","","x","x","","","","","x","","","","","","","","","","",""
"19610","","","","451,285","30"," monkey tail ","","x","x","","","","","x","x","x","","","","","","","","","","","","","","","","","","","","","","","","","","","","x","x","x","x","","","","","","","","","x","x","","","","","x","x","x","","","","x","","","","",""
"","","","","","20"," Zulrah ","","x","x","x","","","","x","x","x","x","","","","","","","","","x","x","x","","","","x","x","","","","","","","","","","","x","x","x","x","","","x","","","","","","x","x","x","x","","","x","x","","","","","","","","","",""
"12922","","","","10,679,752","12"," tanz fang ","","x","x","x","x","","","x","x","x","x","","","","","","","","","x","x","x","","","","x","x","x","x","x","","","","","","","","x","x","x","x","x","","x","x","x","x","x","","x","x","x","x","x","","x","x","","","","","x","x","x","","",""
"12932","","","","3,593,520","12"," magic fang ","","x","x","x","x","x","","x","x","x","x","x","","","","","","","","x","x","x","","","","x","x","x","","","","","","","","","","x","x","x","x","x","","x","x","x","","","","x","x","x","x","","","x","x","x","x","x","","x","x","x","x","",""
"12927","","","","3,527,440","12"," serp visage ","","x","x","x","","","","x","x","x","x","","","","","","","","","x","x","x","x","x","","x","x","x","","","","","","","","","","x","x","x","x","","","x","","","","","","x","x","x","x","x","","x","x","x","x","x","","","","","","",""
"6571","","","","2,777,702","12"," uncut onyx ","","x","x","x","x","x","","x","x","x","x","x","","","","","","","","x","x","x","","","","x","x","","","","","","","","","","","x","x","x","x","x","","x","x","x","x","x","","x","x","x","x","x","","x","x","x","x","x","","x","x","x","","",""
"","","","","","80"," tanzanite mutagen (bonus) ","","x","","","","","","x","","","","","","","","","","","","","","","","","","","","","","","","","","","","","","","","","","","","","","","","","","x","","","","","","x","","","","","","","","","","",""
"","","","","","80"," magma mutagen (bonus) ","","","","","","","","x","","","","","","","","","","","","","","","","","","","","","","","","","","","","","","x","","","","","","","","","","","","","","","","","","","","","","","","","","","","",""
"12936","","","","54,821","40"," jar of swamp (bonus) ","","x","","","","","","x","","","","","","","","","","","","x","","","","","","","","","","","","","","","","","","x","","","","","","x","","","","","","x","","","","","","","","","","","","","","","","",""
"","","","","","50"," pet (bonus) ","","x","","","","","","","","","","","","","","","","","","","","","","","","","","","","","","","","","","","","x","","","","","","","","","","","","","","","","","","","","","","","","x","","","","",""
"","","","","","40"," Vorkath ","","","","","","","","x","x","","","","","","","","","","","","","","","","","","","","","","","","","","","","","x","x","","","","","","","","","","","x","","","","","","","","","","","","","","","","",""
"","","","","","2"," vorkath Head ","","","","","","","","x","x","x","x","x","","","","","","","","x","x","x","x","x","","x","x","x","x","x","","","","","","","","x","x","x","x","x","","x","x","x","x","x","","x","x","x","x","x","","x","x","x","x","x","","x","","","","",""
"22111","","","","88,422","30"," dragonbone necklace ","","","","","","","","x","x","","","","","","","","","","","","","","","","","","","","","","","","","","","","","x","x","","","","","","","","","","","x","x","","","","","","","","","","","","","","","",""
"","","","","","0"," any visage ","","","","","","","","x","x","x","x","","","","","","","","","","","","","","","","","","","","","","","","","","","x","x","","","","","","","","","","","x","","","","","","","","","","","","","","","","",""
"11286","","","","3,857,298","80"," draconic visage (bonus) ","","","","","","","","x","x","","","","","","","","","","","","","","","","","","","","","","","","","","","","","x","x","","","","","","","","","","","","","","","","","","","","","","","","","","","",""
"22006","","","","14,329,321","80"," skeletal visage (bonus) ","","","","","","","","x","x","","","","","","","","","","","","","","","","","","","","","","","","","","","","","","","","","","","x","","","","","","x","","","","","","","","","","","","","","","","",""
"22106","","","","56,578","80"," jar of decay (bonus) ","","","","","","","","x","x","","","","","","","","","","","","","","","","","","","","","","","","","","","","","x","","","","","","","","","","","","","","","","","","x","","","","","","","","","","",""
"","","","","","40"," pet (bonus) ","","","","","","","","x","","","","","","","","","","","","x","","","","","","","","","","","","","","","","","","x","","","","","","","","","","","","x","","","","","","","","","","","","","","","","",""
"","","","","","50"," Vardorvis ","","x","x","","","","","x","","","","","","","","","","","","","","","","","","x","","","","","","","","","","","","x","x","","","","","","","","","","","x","x","","","","","","","","","","","","","","","",""
"28334","","","","309,772","3"," awakener's orb ","","x","x","x","x","x","","x","x","x","x","x","","","","","","","","x","x","x","x","x","","x","x","x","x","x","","","","","","","","x","x","x","x","x","","x","x","x","x","x","","x","x","x","x","x","","x","x","x","x","x","","x","x","x","x","",""
"","","","","","8"," blood quartz ","","x","x","x","x","x","","x","x","x","","","","","","","","","","x","x","x","x","","","x","x","","","","","","","","","","","x","x","x","x","x","","x","x","","","","","x","x","x","x","x","","x","x","x","x","x","","","","","","",""
"28276","","","","43,079","12"," chromium ingot ","","x","x","x","x","x","","x","","","","","","","","","","","","x","x","","","","","x","","","","","","","","","","","","x","x","x","x","x","","x","x","x","x","x","","x","x","x","x","x","","x","x","x","x","x","","x","","","","",""
"28307","","","","114,178,998","36"," ultor vestige ","","x","x","","","","","x","","","","","","","","","","","","x","x","","","","","x","","","","","","","","","","","","x","x","","","","","x","x","","","","","x","x","","","","","","","","","","","","","","","",""
"28338","","","","101,328,447","36"," executioner's axe head ","","x","x","","","","","x","","","","","","","","","","","","","","","","","","x","","","","","","","","","","","","x","x","","","","","","","","","","","x","x","","","","","","","","","","","x","","","","",""
"","","","","","50"," pet (bonus) ","","x","","","","","","x","","","","","","","","","","","","x","","","","","","x","","","","","","","","","","","","","","","","","","","","","","","","x","","","","","","x","","","","","","","","","","",""
"","","","","","50"," Duke Sucellus ","","x","x","","","","","x","x","x","","","","","","","","","","","","","","","","x","","","","","","","","","","","","x","x","","","","","x","","","","","","x","x","","","","","x","","","","","","","","","","",""
"28334","","","","309,772","2"," awakener's orb ","","x","x","x","x","x","","x","x","x","x","x","","","","","","","","x","","","","","","x","x","x","x","x","","","","","","","","x","x","x","x","x","","x","x","x","x","x","","x","x","x","x","x","","x","x","x","x","x","","x","x","x","x","x",""
"","","","","","8"," ice quartz ","","x","x","x","x","x","","x","x","x","x","x","","","","","","","","x","","","","","","x","x","x","","","","","","","","","","x","x","x","x","x","","x","x","x","","","","x","x","x","x","x","","x","x","x","x","","","","","","","",""
"28276","","","","43,079","10"," chromium ingot ","","x","x","x","x","","","x","x","x","x","x","","","","","","","","","","","","","","x","","","","","","","","","","","","x","x","x","x","","","x","","","","","","x","x","x","x","","","x","x","x","x","","","x","","","","",""
"28313","","","","26,348,529","30"," magus vestige ","","x","x","x","","","","x","x","x","","","","","","","","","","","","","","","","x","","","","","","","","","","","","x","x","","","","","x","","","","","","x","x","","","","","x","","","","","","","","","","",""
"28338","","","","101,328,447","30"," eye of the duke ","","x","x","","","","","x","x","x","","","","","","","","","","","","","","","","x","","","","","","","","","","","","x","x","","","","","x","","","","","","x","x","","","","","x","","","","","","x","","","","",""
"","","","","","50"," pet (bonus) ","","","","","","","","x","x","","","","","","","","","","","","","","","","","","","","","","","","","","","","","","","","","","","","","","","","","x","x","","","","","","","","","","","","","","","",""
"","","","","","50"," The Whisperer ","","x","x","","","","","x","","","","","","","","","","","","","","","","","","x","x","","","","","","","","","","","x","","","","","","","","","","","","x","x","","","","","x","","","","","","","","","","",""
"28334","","","","309,772","2"," awakener's orb ","","x","x","x","x","x","","x","x","x","x","x","","","","","","","","x","x","x","x","x","","x","x","x","x","x","","","","","","","","x","x","x","x","x","","x","x","x","x","","","x","x","x","x","x","","x","x","x","x","x","","x","x","","","",""
"28276","","","","43,079","8"," chromium ingot ","","x","x","x","x","x","","x","x","x","x","x","","","","","","","","x","","","","","","x","x","x","x","x","","","","","","","","x","x","x","x","x","","x","x","","","","","x","x","x","x","x","","x","","","","","","x","","","","",""
"","","","","","10"," shadow quartz ","","x","x","x","","","","x","x","x","x","","","","","","","","","x","x","x","","","","x","x","x","x","","","","","","","","","x","x","x","x","x","","x","x","","","","","x","x","x","x","x","","x","x","x","","","","x","x","x","x","",""
"28316","","","","23,174,058","24"," bellator vestige ","","x","x","","","","","x","","","","","","","","","","","","","","","","","","x","x","","","","","","","","","","","x","","","","","","x","","","","","","x","x","x","x","x","","x","","","","","","","","","","",""
"28338","","","","101,328,447","24"," siren's staff ","","x","x","","","","","x","x","x","x","","","","","","","","","x","","","","","","x","x","x","","","","","","","","","","x","x","x","x","","","","","","","","","x","x","","","","","x","","","","","","x","","","","",""
"","","","","","50"," pet (bonus) ","","","","","","","","x","","","","","","","","","","","","x","","","","","","","","","","","","","","","","","","x","x","","","","","","","","","","","x","x","x","","","","","","","","","","","","","","",""
"","","","","","50"," The Leviathan ","","x","x","x","x","","","x","","","","","","","","","","","","","","","","","","x","","","","","","","","","","","","x","x","x","","","","","","","","","","x","x","","","","","","","","","","","","","","","",""
"28334","","","","309,772","2"," awakener's orb ","","x","x","x","x","x","","x","x","x","x","x","","","","","","","","x","","","","","","x","x","x","x","x","","","","","","","","x","x","x","x","x","","x","x","x","x","x","","x","x","x","x","x","","x","x","x","x","x","","x","x","x","x","x",""
"","","","","","8"," smoke quartz ","","x","x","x","x","x","","x","x","x","x","x","","","","","","","","x","x","x","","","","x","x","","","","","","","","","","","x","x","x","x","x","","x","","","","","","x","x","x","x","x","","x","x","x","x","x","","x","x","x","","",""
"28276","","","","43,079","10"," chromium ingot ","","x","x","x","x","x","","x","x","x","x","x","","","","","","","","x","","","","","","x","","","","","","","","","","","","x","x","x","x","x","","x","x","","","","","x","x","x","x","x","","x","x","x","x","","","x","x","x","x","x",""
"28310","","","","47,833,191","30"," venator vestige ","","x","x","x","x","","","x","","","","","","","","","","","","","","","","","","x","","","","","","","","","","","","x","x","x","","","","x","","","","","","x","x","","","","","","","","","","","","","","","",""
"28338","","","","101,328,447","30"," leviathan's lure ","","x","x","x","x","","","x","","","","","","","","","","","","","","","","","","x","","","","","","","","","","","","x","x","x","x","x","","","","","","","","x","x","x","","","","","","","","","","","","","","",""
"","","","","","50"," pet (bonus) ","","","","","","","","","","","","","","","","","","","","","","","","","","x","","","","","","","","","","","","x","","","","","","","","","","","","","","","","","","","","","","","","x","x","","","",""
"","","","","","20"," Virtus set ","","x","x","x","","","","x","x","","","","","","","","","","","","","","","","","x","","","","","","","","","","","","x","x","x","x","","","","","","","","","x","x","x","x","x","","","","","","","","","","","","",""
"26241","","","","5,838,156","10"," virtus mask ","","x","x","x","x","x","","x","x","x","","","","","","","","","","","","","","","","x","x","","","","","","","","","","","x","x","x","x","","","","","","","","","x","x","x","x","x","","x","x","x","","","","x","","","","",""
"26243","","","","36,967,534","10"," virtus robe top ","","x","x","x","","","","x","x","x","","","","","","","","","","x","x","","","","","x","","","","","","","","","","","","x","x","x","x","x","","","","","","","","x","x","x","x","x","","","","","","","","x","x","","","",""
"26245","","","","26,706,977","10"," virtus robe bottom ","","x","x","x","","","","x","x","","","","","","","","","","","","","","","","","x","","","","","","","","","","","","x","x","x","x","","","","","","","","","x","x","x","x","x","","x","x","","","","","","","","","",""
"","","","","","20"," Obsidian armour set ","","","","","","","","","","","","","","","","","","","","","","","","","","","","","","","","","","","","","","x","x","x","","","","","","","","","","x","","","","","","","","","","","","","","","","",""
"6568","","","","513,317","2"," obsidian cape ","","x","x","x","","","","x","x","x","x","x","","","","","","","","x","x","x","","","","x","x","x","","","","","","","","","","x","x","x","x","x","","x","x","x","x","x","","x","x","x","x","x","","x","x","x","x","x","","x","","","","",""
"6524","","","","301,840","4"," toktz-ket-xil (shield) ","","x","x","x","x","x","","x","x","x","x","x","","","","","","","","x","x","x","x","","","x","","","","","","","","","","","","x","x","x","x","x","","x","x","","","","","x","x","x","x","x","","x","x","x","x","x","","x","x","","","",""
"21298","","","","746,886","10"," obsidian helmet ","","","","","","","","x","","","","","","","","","","","","","","","","","","x","","","","","","","","","","","","x","x","x","","","","","","","","","","x","x","x","","","","","","","","","","","","","","",""
"21301","","","","1,162,079","10"," obsidian platebody ","","x","x","","","","","","","","","","","","","","","","","x","","","","","","x","","","","","","","","","","","","x","x","x","x","x","","x","","","","","","x","","","","","","","","","","","","","","","","",""
"21304","","","","897,805","10"," obsidian platelegs ","","","","","","","","","","","","","","","","","","","","","","","","","","","","","","","","","","","","","","x","x","x","x","x","","x","","","","","","x","x","x","x","x","","x","x","x","","","","","","","","",""
"","","","","","20"," Phantom Muspah ","","x","x","","","","","x","x","","","","","","","","","","","x","x","x","","","","x","","","","","","","","","","","","x","x","x","x","x","","x","x","","","","","x","x","x","x","x","","x","x","x","x","x","","x","","","","",""
"","","","","","1"," frozen cache  (1, 3, 5, 7, 9) ","","x","x","x","x","x","","x","x","x","x","","","","","","","","","x","x","x","x","x","","x","x","","","","","","","","","","","x","x","x","x","x","","x","x","x","x","x","","x","x","x","x","x","","x","x","x","x","x","","x","x","","","",""
"","","","","","1"," frozen cache  (2, 4, 6, 8, 10) ","","x","x","x","x","","","x","x","x","x","","","","","","","","","x","x","x","x","x","","x","x","","","","","","","","","","","x","x","x","x","x","","x","x","x","x","x","","x","x","x","x","x","","x","x","x","x","x","","x","x","","","",""
"","","","","","2"," ancient icon  (1, 3, 5, 7, 9) ","","x","x","","","","","x","x","x","","","","","","","","","","x","x","x","x","x","","x","x","x","x","","","","","","","","","x","x","x","x","x","","x","x","x","","","","x","x","x","x","x","","x","x","x","x","x","","x","x","","","",""
"","","","","","2"," ancient icon  (2, 4, 6, 8, 10) ","","x","x","","","","","x","x","","","","","","","","","","","x","x","x","x","x","","x","x","x","","","","","","","","","","x","x","x","x","x","","x","x","x","","","","x","x","x","x","x","","x","x","x","x","x","","x","","","","",""
"27614","","","","12,781,007","4"," venator shard ","","x","x","x","x","x","","x","x","","","","","","","","","","","x","x","x","","","","x","","","","","","","","","","","","x","x","x","x","x","","x","x","","","","","x","x","x","x","x","","x","x","x","x","x","","x","","","","",""
"","","","","","50"," pet (bonus) ","","x","","","","","","","","","","","","","","","","","","","","","","","","","","","","","","","","","","","","x","","","","","","","","","","","","","","","","","","","","","","","","","","","","",""
"","","","","","30"," Kalphite Queen ","","","","","","","","","","","","","","","","","","","","","","","","","","x","","","","","","","","","","","","x","x","","","","","","","","","","","x","x","","","","","","","","","","","x","x","","","",""
"","","","","","3"," kq head ","","x","x","x","x","x","","x","x","","","","","","","","","","","x","","","","","","x","","","","","","","","","","","","x","x","x","x","x","","x","","","","","","x","x","x","","","","x","","","","","","x","x","","","",""
"3140","","","","193,601","3"," dragon chainbody ","","x","x","x","x","x","","x","","","","","","","","","","","","x","","","","","","x","x","","","","","","","","","","","x","x","x","x","x","","","","","","","","x","x","x","x","","","x","","","","","","x","x","","","",""
"11920","","","","572,299","5"," dragon pickaxe ","","","","","","","","","","","","","","","","","","","","","","","","","","x","x","","","","","","","","","","","x","x","","","","","","","","","","","x","x","","","","","","","","","","","x","x","x","","",""
"7158","","","","133,554","5"," dragon 2h ","","x","x","","","","","","","","","","","","","","","","","","","","","","","x","","","","","","","","","","","","x","x","x","","","","","","","","","","x","x","x","x","","","x","","","","","","x","x","","","",""
"12885","","","","637,458","40"," jar of sand (bonus) ","","","","","","","","","","","","","","","","","","","","","","","","","","","","","","","","","","","","","","x","","","","","","","","","","","","x","x","","","","","","","","","","","","","","","",""
"","","","","","30"," pet (bonus) ","","x","","","","","","","","","","","","","","","","","","","","","","","","","","","","","","","","","","","","","","","","","","","","","","","","x","x","","","","","","","","","","","","","","","",""
"","","","","","30"," Hueycoatl ","","","","","","","","","","","","","","","","","","","","","","","","","","","","","","","","","","","","","","","","","","","","","","","","","","","","","","","","x","","","","","","","","","","",""
"30085","","","","476,786","2"," hide drop  (1, 4, 7, 10, 13) ","","x","","","","","","x","x","","","","","","","","","","","","","","","","","x","","","","","","","","","","","","x","x","x","","","","x","","","","","","x","x","x","","","","x","x","","","","","","","","","",""
"30085","","","","476,786","2"," hide drop  (2, 5, 8, 11, 14) ","","x","","","","","","x","x","","","","","","","","","","","","","","","","","","","","","","","","","","","","","x","x","x","","","","x","","","","","","x","x","x","","","","x","","","","","","","","","","",""
"30085","","","","476,786","2"," hide drop  (3, 6, 9, 12, 15) ","","","","","","","","x","x","","","","","","","","","","","","","","","","","","","","","","","","","","","","","x","x","","","","","","","","","","","x","x","","","","","x","","","","","","","","","","",""
"30066","","","","653,408","5"," tome of earth ","","","","","","","","","","","","","","","","","","","","","","","","","","","","","","","","","","","","","","x","","","","","","","","","","","","","","","","","","x","x","x","","","","","","","","",""
"30070","","","","12,386,604","15"," dragon hunter wand ","","x","","","","","","x","","","","","","","","","","","","","","","","","","","","","","","","","","","","","","","","","","","","","","","","","","x","","","","","","x","","","","","","x","","","","",""
"","","","","","30"," pet (bonus) ","","x","","","","","","","","","","","","","","","","","","","","","","","","x","","","","","","","","","","","","","","","","","","","","","","","","","","","","","","x","","","","","","","","","","",""
"","","","","","100"," Nightmare ","","","","","","","","","","","","","","","","","","","","","","","","","","","","","","","","","","","","","","","","","","","","","","","","","","","","","","","","","","","","","","","","","","",""
"24422","","","","39,247,490","15"," nightmare staff ","","","","","","","","","","","","","","","","","","","","","","","","","","","","","","","","","","","","","","x","","","","","","","","","","","","x","x","x","","","","","","","","","","","","","","",""
"24417","","","","337,130,313","35"," inquisitor's mace ","","","","","","","","","","","","","","","","","","","","","","","","","","","","","","","","","","","","","","x","x","","","","","","","","","","","","","","","","","","","","","","","","","","","",""
"24419","","","","74,738,815","20"," inquisitor's great helm ","","x","","","","","","x","","","","","","","","","","","","","","","","","","","","","","","","","","","","","","","","","","","","","","","","","","","","","","","","","","","","","","","","","","",""
"24420","","","","108,147,145","20"," inquisitor's hauberk ","","","","","","","","","","","","","","","","","","","","","","","","","","","","","","","","","","","","","","x","","","","","","","","","","","","x","","","","","","","","","","","","","","","","",""
"24421","","","","118,868,955","20"," inquisitor's plateskirt ","","","","","","","","","","","","","","","","","","","","","","","","","","","","","","","","","","","","","","","","","","","","","","","","","","x","","","","","","","","","","","","","","","","",""
"","","","","","0"," any orb ","","x","","","","","","","","","","","","","","","","","","","","","","","","","","","","","","","","","","","","x","","","","","","","","","","","","x","x","x","x","","","","","","","","","","","","","",""
"24511","","","","392,763,062","50"," harmonized orb (bonus) ","","","","","","","","","","","","","","","","","","","","","","","","","","","","","","","","","","","","","","","","","","","","","","","","","","x","x","","","","","","","","","","","","","","","",""
"24517","","","","155,677,831","50"," eldritch orb (bonus) ","","x","","","","","","","","","","","","","","","","","","","","","","","","","","","","","","","","","","","","x","","","","","","","","","","","","x","","","","","","","","","","","","","","","","",""
"24514","","","","43,802,157","50"," volatile orb (bonus) ","","","","","","","","","","","","","","","","","","","","","","","","","","","","","","","","","","","","","","","","","","","","","","","","","","x","","","","","","","","","","","","","","","","",""
"24495","","","","1,050,609","100"," jar of dreams (bonus) ","","","","","","","","","","","","","","","","","","","","","","","","","","x","","","","","","","","","","","","x","","","","","","","","","","","","","","","","","","","","","","","","","","","","",""
"","","","","","70"," pet (bonus) ","","","","","","","","","","","","","","","","","","","","","","","","","","","","","","","","","","","","","","","","","","","","","","","","","","","","","","","","","","","","","","","","","","",""
"","","","","","20"," Amoxliatl ","","x","x","","","","","x","","","","","","","","","","","","x","x","","","","","x","","","","","","","","","","","","x","x","x","x","x","","x","x","","","","","x","x","x","x","x","","x","x","x","x","x","","","","","","",""
"","","","","","1"," pendant of ates  (1, 3, 5, 7, 9) ","","x","x","x","x","x","","x","x","x","x","x","","","","","","","","x","x","x","x","x","","x","x","x","x","x","","","","","","","","x","x","x","x","x","","x","x","x","x","x","","x","x","x","x","x","","x","x","x","x","x","","x","x","","","",""
"","","","","","1"," pendant of ates  (2, 4, 6, 8, 10) ","","x","x","x","x","x","","x","x","x","x","x","","","","","","","","x","x","x","x","x","","x","x","x","x","x","","","","","","","","x","x","x","x","x","","x","x","x","x","x","","x","x","x","x","x","","x","x","x","x","x","","x","x","","","",""
"29889","","","","55,985","4"," glacial temotli  (1, 3, 5, 7, 9) ","","x","x","","","","","x","","","","","","","","","","","","x","x","","","","","x","","","","","","","","","","","","x","x","x","x","x","","x","x","x","","","","x","x","x","x","x","","x","x","x","x","x","","","","","","",""
"29889","","","","55,985","4"," glacial temotli  (2, 4, 6, 8, 10) ","","x","x","","","","","x","","","","","","","","","","","","x","x","","","","","x","","","","","","","","","","","","x","x","x","x","x","","x","x","","","","","x","x","x","x","x","","x","x","x","x","x","","","","","","",""
"","","","","","40"," pet (bonus) ","","","","","","","","x","","","","","","","","","","","","","","","","","","","","","","","","","","","","","","","","","","","","x","","","","","","","","","","","","","","","","","","","","","","",""
"","","","","","40"," Grotesque Guardians ","","x","x","","","","","x","","","","","","","","","","","","","","","","","","x","","","","","","","","","","","","x","x","x","x","","","","","","","","","x","x","x","","","","x","","","","","","","","","","",""
"4153","","","","125,491","3"," granite maul ","","x","x","x","x","x","","x","x","","","","","","","","","","","x","x","","","","","x","x","x","x","x","","","","","","","","x","x","x","x","x","","x","x","x","x","x","","x","x","x","x","x","","x","x","x","x","x","","x","x","x","x","x",""
"21736","","","","29,084","6"," granite gloves ","","x","x","","","","","x","x","","","","","","","","","","","x","x","","","","","x","","","","","","","","","","","","x","x","x","x","x","","x","x","x","","","","x","x","x","x","x","","x","x","x","x","","","","","","","",""
"21739","","","","20,629","6"," granite ring ","","x","x","x","x","x","","x","","","","","","","","","","","","x","x","x","x","x","","x","x","x","x","x","","","","","","","","x","x","x","x","x","","","","","","","","x","x","x","","","","x","x","x","x","","","x","","","","",""
"21742","","","","5,548,211","9"," granite hammer ","","x","x","x","x","","","x","","","","","","","","","","","","x","x","","","","","x","x","x","","","","","","","","","","x","x","x","x","","","","","","","","","x","x","x","x","x","","x","x","","","","","x","x","x","","",""
"21730","","","","1,024,996","12"," tourmaline core ","","x","x","x","x","","","x","","","","","","","","","","","","","","","","","","x","","","","","","","","","","","","x","x","x","x","x","","","","","","","","x","x","x","","","","x","","","","","","x","","","","",""
"21745","","","","1,370,394","70"," jar of stone (bonus) ","","","","","","","","","","","","","","","","","","","","","","","","","","","","","","","","","","","","","","","","","","","","","","","","","","","","","","","","","","","","","","","","","","",""
"","","","","","40"," pet (bonus) ","","","","","","","","","","","","","","","","","","","","","","","","","","x","","","","","","","","","","","","x","","","","","","","","","","","","","","","","","","x","","","","","","","","","","",""
"","","","","","40"," Abyssal Sire ","","x","x","","","","","","","","","","","","","","","","","","","","","","","x","","","","","","","","","","","","x","x","x","x","","","x","","","","","","x","x","x","x","","","x","x","","","","","x","","","","",""
"","","","","1,033,748","4"," unsired   (1, 6, 11, 16, 21) ","","x","x","x","","","","x","","","","","","","","","","","","x","","","","","","x","x","","","","","","","","","","","x","x","x","x","","","x","","","","","","x","x","x","x","","","x","x","","","","","x","x","","","",""
"","","","","1,033,748","4"," unsired   (2, 7, 12, 17, 22) ","","x","x","x","","","","x","","","","","","","","","","","","","","","","","","x","","","","","","","","","","","","x","x","x","x","","","x","","","","","","x","x","x","x","","","x","x","","","","","x","x","","","",""
"","","","","1,033,748","4"," unsired   (3, 8, 13, 18, 23) ","","x","x","","","","","","","","","","","","","","","","","","","","","","","x","","","","","","","","","","","","x","x","x","x","","","x","","","","","","x","x","x","x","","","x","x","","","","","x","x","","","",""
"","","","","1,033,748","4"," unsired   (4, 9, 14, 19, 24) ","","x","x","","","","","","","","","","","","","","","","","","","","","","","x","","","","","","","","","","","","x","x","x","x","","","x","","","","","","x","x","x","x","","","x","x","","","","","x","x","","","",""
"","","","","1,033,748","4"," unsired   (5, 10, 15, 20, 25) ","","x","x","","","","","","","","","","","","","","","","","","","","","","","x","","","","","","","","","","","","x","x","x","x","","","x","","","","","","x","x","x","x","","","x","x","","","","","x","","","","",""
"","","","","","20"," Kraken (boss) ","","x","x","x","","","","x","x","x","","","","","","","","","","","","","","","","x","x","","","","","","","","","","","x","x","x","x","","","x","","","","","","x","x","x","x","","","x","","","","","","","","","","",""
"12004","","","","267,222","4"," kraken tentacle  (1, 3, 5, 7, 9) ","","x","x","x","x","","","x","x","x","","","","","","","","","","x","","","","","","x","x","x","","","","","","","","","","x","x","x","x","","","x","x","","","","","x","x","x","x","","","x","","","","","","x","","","","",""
"12004","","","","267,222","4"," kraken tentacle  (2, 4, 6, 8, 10) ","","x","x","x","x","","","x","x","x","","","","","","","","","","","","","","","","x","x","","","","","","","","","","","x","x","x","x","","","x","","","","","","x","x","x","x","","","x","","","","","","","","","","",""
"11905","","","","797,754","5"," trident of the seas  (1, 3, 5, 7, 9) ","","x","x","x","","","","x","x","x","","","","","","","","","","x","","","","","","x","x","","","","","","","","","","","x","x","x","x","x","","x","x","x","","","","x","x","x","x","x","","x","x","","","","","","","","","",""
"11905","","","","797,754","5"," trident of the seas  (2, 4, 6, 8, 10) ","","x","x","x","","","","x","x","x","","","","","","","","","","x","","","","","","x","x","","","","","","","","","","","x","x","x","x","","","x","x","","","","","x","x","x","x","","","x","x","","","","","","","","","",""
"12007","","","","42,276","10"," jar of dirt (bonus) ","","x","x","","","","","x","x","x","","","","","","","","","","x","","","","","","x","","","","","","","","","","","","x","x","x","x","x","","x","","","","","","x","x","x","x","x","","x","x","","","","","","","","","",""
"","","","","","30"," pet (bonus) ","","x","x","x","","","","","","","","","","","","","","","","","","","","","","","","","","","","","","","","","","x","x","","","","","x","x","x","","","","","","","","","","x","","","","","","","","","","",""
"","","","","","30"," Cerberus ","","x","x","","","","","x","x","","","","","","","","","","","x","","","","","","x","x","","","","","","","","","","","x","x","x","x","","","","","","","","","x","x","x","x","","","x","x","","","","","","","","","",""
"13233","","","","1,992,455","8"," smouldering stone ","","x","x","x","x","x","","x","x","x","x","x","","","","","","","","x","","","","","","x","x","x","","","","","","","","","","x","x","x","x","x","","x","","","","","","x","x","x","x","x","","x","x","","","","","","","","","",""
"13231","","","","18,082,230","8"," primordial ","","x","x","","","","","x","x","","","","","","","","","","","x","x","x","","","","x","x","x","x","","","","","","","","","x","x","x","x","","","x","","","","","","x","x","x","x","","","x","x","x","x","","","x","","","","",""
"13237","","","","33,976,747","8"," pegasian  ","","x","x","x","x","","","x","x","x","","","","","","","","","","x","x","x","","","","x","x","x","x","","","","","","","","","x","x","x","x","x","","x","","","","","","x","x","x","x","x","","x","x","x","x","","","","","","","",""
"13227","","","","3,186,248","8"," eternal ","","x","x","x","x","","","x","x","x","x","x","","","","","","","","x","","","","","","x","x","","","","","","","","","","","x","x","x","x","x","","","","","","","","x","x","x","x","","","x","x","x","","","","x","","","","",""
"13245","","","","65,487","30"," jar of souls (bonus) ","","x","","","","","","","","","","","","","","","","","","","","","","","","x","x","x","","","","","","","","","","x","x","x","","","","","","","","","","x","x","","","","","x","","","","","","","","","","",""
"","","","","","50"," pet (bonus) ","","x","","","","","","x","","","","","","","","","","","","","","","","","","","","","","","","","","","","","","","","","","","","","","","","","","","","","","","","","","","","","","","","","","",""
"","","","","","30"," Araxxor  ","","x","x","x","","","","x","x","","","","","","","","","","","","","","","","","x","","","","","","","","","","","","x","x","x","x","","","x","","","","","","x","x","x","","","","x","x","","","","","x","","","","",""
"29796","","","","14,722,517","4"," noxious  (1, 4, 7, 10, 13) ","","x","x","x","","","","x","x","x","x","","","","","","","","","x","","","","","","x","x","x","x","","","","","","","","","x","x","x","x","","","x","","","","","","x","x","x","","","","x","x","x","","","","x","","","","",""
"29796","","","","14,722,517","4"," noxious  (2, 5, 8, 11, 14) ","","x","x","x","","","","x","x","x","","","","","","","","","","","","","","","","x","x","x","","","","","","","","","","x","x","x","x","","","x","","","","","","x","x","x","","","","x","x","x","","","","x","","","","",""
"29796","","","","14,722,517","4"," noxious  (3, 6, 9, 12, 15) ","","x","x","x","","","","x","x","x","","","","","","","","","","","","","","","","x","x","","","","","","","","","","","x","x","x","x","","","x","","","","","","x","x","x","","","","x","x","x","","","","x","","","","",""
"","","","","","5"," araxyte head ","","x","x","x","x","x","","x","x","x","x","x","","","","","","","","x","x","","","","","x","x","x","x","x","","","","","","","","x","x","x","x","","","x","x","x","x","x","","x","x","x","x","x","","x","x","","","","","x","x","x","x","x",""
"29801","","","","34,710,621","12"," araxyte fang ","","x","x","x","","","","x","x","","","","","","","","","","","","","","","","","x","","","","","","","","","","","","x","x","x","x","x","","x","x","x","","","","x","x","x","","","","x","x","","","","","x","x","","","",""
"","","","","","30"," jar of venom (bonus) ","","","","","","","","","","","","","","","","","","","","x","","","","","","x","","","","","","","","","","","","x","","","","","","","","","","","","x","x","x","","","","x","x","","","","","","","","","",""
"","","","","","45"," pet (bonus) ","","","","","","","","","","","","","","","","","","","","","","","","","","","","","","","","","","","","","","","","","","","","x","","","","","","x","","","","","","","","","","","","x","","","","",""
"","","","","","30"," Thermonuclear Devil ","","x","","","","","","","","","","","","","","","","","","x","","","","","","x","x","","","","","","","","","","","x","x","","","","","","","","","","","x","","","","","","x","","","","","","","","","","",""
"4675","","","","60,305","1"," ancient staff ","","x","x","x","x","x","","x","x","x","x","x","","","","","","","","x","x","x","x","x","","x","x","x","x","x","","","","","","","","x","x","x","x","x","","x","x","","","","","x","x","x","x","x","","x","x","x","x","x","","x","x","x","x","x",""
"12002","","","","395,605","3"," occult necklace ","","x","x","x","x","x","","x","","","","","","","","","","","","x","x","x","","","","x","x","x","x","x","","","","","","","","x","x","x","x","x","","x","x","","","","","x","x","x","x","x","","x","x","x","","","","x","x","x","x","x",""
"11998","","","","1,947,773","4"," smoke battlestaff ","","x","x","x","x","x","","x","x","x","x","","","","","","","","","x","x","","","","","x","x","","","","","","","","","","","x","x","x","x","x","","","","","","","","x","x","x","x","x","","x","x","x","","","","x","x","x","x","x",""
"3140","","","","193,601","16"," dragon chainbody ","","x","","","","","","","","","","","","","","","","","","x","","","","","","x","x","","","","","","","","","","","x","x","","","","","x","","","","","","x","","","","","","x","","","","","","","","","","",""
"25524","","","","92,627","16"," jar of smoke (bonus) ","","x","","","","","","","","","","","","","","","","","","x","","","","","","","","","","","","","","","","","","x","","","","","","x","","","","","","x","x","x","x","","","x","","","","","","","","","","",""
"","","","","","24"," pet (bonus) ","","","","","","","","x","","","","","","","","","","","","","","","","","","x","","","","","","","","","","","","x","","","","","","","","","","","","x","x","x","","","","","","","","","","","","","","",""
"","","","","","60"," Alchemical Hydra ","","x","","","","","","","","","","","","","","","","","","","","","","","","","","","","","","","","","","","","x","x","x","","","","","","","","","","x","x","x","","","","","","","","","","","","","","",""
"22975","","","","923,134","4"," brimstone  (1, 4, 7, 10, 13) ","","x","x","","","","","x","x","","","","","","","","","","","x","","","","","","x","","","","","","","","","","","","x","x","x","","","","x","","","","","","x","x","x","x","","","x","","","","","","x","","","","",""
"22975","","","","923,134","4"," brimstone  (2, 5, 8, 11, 14) ","","x","x","","","","","x","x","","","","","","","","","","","x","","","","","","","","","","","","","","","","","","x","x","x","","","","x","","","","","","x","x","x","x","","","","","","","","","x","","","","",""
"22975","","","","923,134","4"," brimstone  (3, 6, 9, 12, 15) ","","x","","","","","","x","x","","","","","","","","","","","x","","","","","","","","","","","","","","","","","","x","x","x","","","","","","","","","","x","x","x","","","","","","","","","","","","","","",""
"","","","","","6"," hydra heads ","","x","x","x","x","x","","x","x","x","","","","","","","","","","x","x","x","x","x","","x","x","","","","","","","","","","","x","x","x","x","x","","","","","","","","x","x","x","x","x","","x","x","","","","","x","x","x","x","x",""
"22988","","","","101,806","16"," hydra tail ","","x","","","","","","x","x","","","","","","","","","","","x","","","","","","x","","","","","","","","","","","","x","x","x","x","","","","","","","","","x","x","x","","","","x","","","","","","x","x","","","",""
"22983","","","","13,004,615","16"," hydra leather ","","x","","","","","","","","","","","","","","","","","","x","x","x","x","x","","x","x","","","","","","","","","","","x","x","x","x","x","","x","x","x","x","","","x","x","x","","","","x","x","x","","","","","","","","",""
"22966","","","","52,004,552","30"," hydra claw ","","x","","","","","","","","","","","","","","","","","","","","","","","","","","","","","","","","","","","","x","x","x","","","","x","","","","","","x","x","x","x","x","","","","","","","","","","","","",""
"23064","","","","67,777","30"," jar of chemicals (bonus) ","","x","","","","","","","","","","","","","","","","","","x","","","","","","","","","","","","","","","","","","x","","","","","","","","","","","","x","","","","","","","","","","","","","","","","",""
"","","","","","45"," pet (bonus) ","","","","","","","","x","","","","","","","","","","","","","","","","","","","","","","","","","","","","","","","","","","","","x","","","","","","x","","","","","","","","","","","","","","","","",""
"","","","","","50"," Gauntlet ","","","","","","","","","","","","","","","","","","","","","","","","","","","","","","","","","","","","","","","","","","","","","","","","","","","","","","","","x","x","x","","","","","","","","",""
"4207","","","","413,926","6"," weapon seed ","","x","x","x","x","x","","x","x","x","x","x","","","","","","","","x","x","x","","","","x","x","x","x","x","","","","","","","","x","x","x","x","x","","","","","","","","x","x","x","x","x","","x","x","x","x","x","","x","","","","",""
"23956","","","","6,172,707","6"," armour seed ","","x","x","x","x","x","","x","x","x","x","x","","","","","","","","","","","","","","x","x","","","","","","","","","","","x","x","x","x","","","","","","","","","x","x","x","x","x","","x","x","x","x","x","","","","","","",""
"25859","","","","136,280,411","50"," enhanced weapon ","","","","","","","","","","","","","","","","","","","","","","","","","","","","","","","","","","","","","","","","","","","","","","","","","","","","","","","","x","x","x","","","","","","","","",""
"","","","","","50"," pet (bonus) ","","x","x","","","","","","","","","","","","","","","","","","","","","","","","","","","","","","","","","","","","","","","","","","","","","","","","","","","","","","","","","","","","","","","",""
"","","","","","40"," Barrows Brothers ","","","","","","","","","","","","","","","","","","","","","","","","","","","","","","","","","","","","","","x","","","","","","","","","","","","x","x","","","","","x","","","","","","","","","","",""
"","","","","","4"," Ahrim ","","x","","","","","","","","","","","","","","","","","","","","","","","","","","","","","","","","","","","","x","x","","","","","","","","","","","x","x","","","","","x","","","","","","","","","","",""
"4708","","","","380,666","2"," hood ","","x","x","x","x","","","x","x","x","x","","","","","","","","","x","","","","","","x","","","","","","","","","","","","x","x","x","x","x","","x","","","","","","x","x","x","x","x","","x","x","x","x","x","","x","","","","",""
"4712","","","","1,579,765","2"," robetop ","","x","x","x","","","","x","x","x","","","","","","","","","","x","","","","","","","","","","","","","","","","","","x","x","x","","","","","","","","","","x","x","","","","","x","x","x","x","x","","x","x","","","",""
"4714","","","","1,669,317","2"," robeskirt ","","x","x","x","x","","","x","x","","","","","","","","","","","","","","","","","x","","","","","","","","","","","","x","x","","","","","x","","","","","","x","x","x","x","x","","x","x","","","","","x","","","","",""
"4710","","","","166,902","2"," staff ","","x","","","","","","","","","","","","","","","","","","x","","","","","","x","","","","","","","","","","","","x","x","","","","","x","","","","","","x","x","x","x","x","","x","","","","","","","","","","",""
"","","","","","4"," Dharok ","","","","","","","","","","","","","","","","","","","","x","","","","","","","","","","","","","","","","","","x","x","x","","","","x","","","","","","x","x","x","x","","","x","","","","","","","","","","",""
"4716","","","","320,699","2"," helm ","","","","","","","","x","x","x","x","","","","","","","","","x","","","","","","","","","","","","","","","","","","x","x","x","x","x","","x","x","x","x","","","x","x","x","x","x","","x","","","","","","","","","","",""
"4720","","","","913,961","2"," platebody ","","x","x","","","","","x","x","","","","","","","","","","","x","x","x","","","","","","","","","","","","","","","","x","x","x","x","x","","x","","","","","","x","x","x","x","x","","x","x","x","x","x","","x","","","","",""
"4722","","","","962,187","2"," platelegs ","","x","x","x","x","","","x","","","","","","","","","","","","x","x","","","","","","","","","","","","","","","","","x","x","x","x","x","","x","","","","","","x","x","x","x","","","x","","","","","","x","","","","",""
"4718","","","","1,972,444","2"," greataxe ","","x","x","","","","","","","","","","","","","","","","","x","","","","","","x","x","","","","","","","","","","","x","x","x","","","","x","x","","","","","x","x","x","x","","","x","x","x","","","","x","x","x","","",""
"","","","","","4"," Guthan ","","","","","","","","","","","","","","","","","","","","","","","","","","x","","","","","","","","","","","","x","x","","","","","","","","","","","x","x","","","","","x","x","x","","","","","","","","",""
"4724","","","","202,480","2"," helm ","","x","","","","","","x","x","","","","","","","","","","","","","","","","","x","","","","","","","","","","","","x","x","","","","","x","","","","","","x","x","","","","","x","x","x","","","","","","","","",""
"4728","","","","246,592","2"," platebody ","","","","","","","","x","","","","","","","","","","","","x","x","x","","","","x","","","","","","","","","","","","x","x","x","","","","x","","","","","","x","x","x","x","x","","x","x","x","","","","x","x","","","",""
"4730","","","","204,455","2"," chainskirt ","","x","x","","","","","","","","","","","","","","","","","x","x","x","x","","","x","","","","","","","","","","","","x","x","x","x","x","","","","","","","","x","x","x","x","","","x","x","x","","","","","","","","",""
"4726","","","","88,564","2"," warspear ","","x","x","","","","","x","x","x","","","","","","","","","","x","x","","","","","x","","","","","","","","","","","","x","x","x","x","x","","x","","","","","","x","x","x","","","","x","x","x","x","","","","","","","",""
"","","","","","4"," Karil ","","","","","","","","x","","","","","","","","","","","","","","","","","","x","","","","","","","","","","","","x","x","","","","","x","","","","","","x","x","x","x","","","x","","","","","","","","","","",""
"4732","","","","63,745","2"," coif ","","x","x","","","","","x","","","","","","","","","","","","","","","","","","x","","","","","","","","","","","","x","x","","","","","x","","","","","","x","x","x","x","x","","x","","","","","","","","","","",""
"4736","","","","1,012,786","2"," leathertop ","","x","x","","","","","x","x","","","","","","","","","","","x","x","x","","","","x","","","","","","","","","","","","x","x","x","x","","","x","","","","","","x","x","x","x","x","","x","x","x","","","","","","","","",""
"4738","","","","440,727","2"," leatherskirt ","","x","x","x","","","","x","x","","","","","","","","","","","x","","","","","","x","","","","","","","","","","","","x","x","","","","","x","x","","","","","x","x","x","x","x","","x","x","x","","","","","","","","",""
"4734","","","","99,911","2"," crossbow ","","","","","","","","x","","","","","","","","","","","","x","x","x","","","","x","","","","","","","","","","","","x","x","x","x","x","","x","x","","","","","x","x","x","x","","","x","x","x","","","","x","x","","","",""
"","","","","","4"," Torag ","","","","","","","","","","","","","","","","","","","","","","","","","","","","","","","","","","","","","","x","","","","","","","","","","","","x","x","x","x","","","x","","","","","","","","","","",""
"4745","","","","168,125","2"," helm ","","x","","","","","","","","","","","","","","","","","","x","","","","","","x","x","","","","","","","","","","","x","x","","","","","x","","","","","","x","x","x","x","x","","x","x","","","","","","","","","",""
"4749","","","","276,707","2"," platebody ","","","","","","","","x","x","x","","","","","","","","","","x","","","","","","x","x","","","","","","","","","","","x","","","","","","","","","","","","x","x","x","x","","","x","x","x","","","","","","","","",""
"4751","","","","314,799","2"," platelegs ","","x","x","","","","","","","","","","","","","","","","","x","","","","","","","","","","","","","","","","","","x","x","x","x","x","","","","","","","","x","x","x","x","x","","x","x","x","x","x","","x","x","","","",""
"4747","","","","97,394","2"," hammers ","","x","x","","","","","","","","","","","","","","","","","","","","","","","","","","","","","","","","","","","x","x","x","x","","","x","","","","","","x","x","x","x","x","","x","","","","","","x","","","","",""
"","","","","","4"," Verac ","","","","","","","","x","","","","","","","","","","","","","","","","","","","","","","","","","","","","","","x","","","","","","","","","","","","x","x","x","","","","x","x","","","","","","","","","",""
"4753","","","","145,134","2"," helm ","","x","","","","","","x","","","","","","","","","","","","x","x","x","","","","","","","","","","","","","","","","x","x","x","x","x","","x","","","","","","x","x","x","x","x","","x","x","","","","","","","","","",""
"4757","","","","172,317","2"," brassard ","","","","","","","","x","x","","","","","","","","","","","x","","","","","","","","","","","","","","","","","","x","x","x","x","","","","","","","","","x","x","x","x","x","","x","x","x","x","x","","x","","","","",""
"4759","","","","338,802","2"," plateskirt ","","x","","","","","","x","","","","","","","","","","","","x","x","x","","","","x","x","x","","","","","","","","","","x","","","","","","","","","","","","x","x","x","","","","x","x","","","","","","","","","",""
"4755","","","","96,871","2"," flail ","","x","","","","","","x","x","x","","","","","","","","","","","","","","","","","","","","","","","","","","","","x","x","","","","","x","x","","","","","x","x","x","x","x","","x","x","x","x","x","","x","","","","",""
"","","","","","10"," Scurrius ","","x","x","","","","","x","x","x","","","","","","","","","","x","","","","","","x","x","x","x","x","","","","","","","","x","x","x","x","x","","x","x","x","x","x","","x","x","x","x","x","","x","x","x","","","","x","","","","",""
"","","","","","1"," spine  (1, 6, 11, 16, 21) ","","x","x","","","","","x","x","x","","","","","","","","","","x","","","","","","x","x","x","x","x","","","","","","","","x","x","x","x","x","","x","x","x","x","x","","x","x","x","x","x","","x","x","x","x","","","x","x","","","",""
"","","","","","1"," spine  (2, 7, 12, 17, 22) ","","x","x","","","","","x","x","x","","","","","","","","","","x","","","","","","x","x","x","x","x","","","","","","","","x","x","x","x","x","","x","x","x","x","x","","x","x","x","x","x","","x","x","x","x","","","x","x","","","",""
"","","","","","1"," spine  (3, 8, 13, 18, 23) ","","x","x","","","","","x","x","x","","","","","","","","","","x","","","","","","x","x","x","x","x","","","","","","","","x","x","x","x","x","","x","x","x","x","x","","x","x","x","x","x","","x","x","x","","","","x","","","","",""
"","","","","","1"," spine  (4, 9, 14, 19, 24) ","","x","x","","","","","x","x","x","","","","","","","","","","x","","","","","","x","x","x","x","x","","","","","","","","x","x","x","x","x","","x","x","x","x","x","","x","x","x","x","x","","x","x","x","","","","x","","","","",""
"","","","","","1"," spine  (5, 10, 15, 20, 25) ","","x","x","","","","","x","x","x","","","","","","","","","","x","","","","","","x","x","x","x","x","","","","","","","","x","x","x","x","x","","x","x","x","x","x","","x","x","x","x","x","","x","x","x","","","","x","","","","",""
"","","","","","15"," pet (bonus) ","","","","","","","","","","","","","","","","","","","","","","","","","","x","","","","","","","","","","","","","","","","","","","","","","","","x","","","","","","","","","","","","","","","","",""
"","","","","","20"," Moons of Peril ","","","","","","","","x","x","","","","","","","","","","","","","","","","","","","","","","","","","","","","","x","","","","","","","","","","","","x","x","","","","","x","x","","","","","","","","","",""
"","","","","","4"," Eclipse Moon ","","","","","","","","x","x","x","","","","","","","","","","","","","","","","","","","","","","","","","","","","x","","","","","","x","x","","","x","","x","x","x","","","","x","x","","","","","","","","","",""
"29000","","","","1,634,984","1"," eclipse moon (1, 5, 9, 13, 17) ","","","","","","","","x","x","x","x","","","","","","","","","","","","","","","x","","","","","","","","","","","","x","x","","","","","x","x","x","","","","x","x","x","","","","x","x","x","","","","x","","","","",""
"29004","","","","1,634,984","1"," eclipse moon (2, 6, 10, 14, 18) ","","","","","","","","x","x","x","","","","","","","","","","","","","","","","x","","","","","","","","","","","","x","","","","","","x","x","x","","","","x","x","x","","","","x","x","","","","","x","","","","",""
"29010","","","","1,634,984","1"," eclipse moon (3, 7, 11, 15, 19) ","","","","","","","","x","x","x","","","","","","","","","","","","","","","","","","","","","","","","","","","","x","","","","","","x","x","","","","","x","x","x","","","","x","x","","","","","","","","","",""
"29007","","","","1,634,984","1"," eclipse moon (4, 8, 12, 16, 20) ","","","","","","","","x","x","x","","","","","","","","","","","","","","","","","","","","","","","","","","","","x","","","","","","x","x","","","","","x","x","x","","","","x","x","","","","","","","","","",""
"","","","","","4"," Blood Moon ","","x","","","","","","x","x","","","","","","","","","","","","","","","","","","","","","","","","","","","","","x","","","","","","x","x","","","","","x","x","","","","","x","x","","","","","","","","","",""
"28997","","","","4,803,915","1"," blood moon (1, 5, 9, 13, 17) ","","x","","","","","","x","x","","","","","","","","","","","x","","","","","","x","","","","","","","","","","","","x","x","","","","","x","x","","","","","x","x","x","","","","x","x","x","","","","x","","","","",""
"29022","","","","4,803,915","1"," blood moon (2, 6, 10, 14, 18) ","","x","","","","","","x","x","","","","","","","","","","","x","","","","","","","","","","","","","","","","","","x","","","","","","x","x","","","","","x","x","","","","","x","x","x","","","","x","","","","",""
"29028","","","","4,803,915","1"," blood moon (3, 7, 11, 15, 19) ","","x","","","","","","x","x","","","","","","","","","","","","","","","","","","","","","","","","","","","","","x","","","","","","x","x","","","","","x","x","","","","","x","x","x","","","","x","","","","",""
"29025","","","","4,803,915","1"," blood moon (4, 8, 12, 16, 20) ","","x","","","","","","x","x","","","","","","","","","","","","","","","","","","","","","","","","","","","","","x","","","","","","x","x","","","","","x","x","","","","","x","x","","","","","","","","","",""
"","","","","","4"," Blue Moon ","","x","","","","","","x","x","","","","","","","","","","","","","","","","","","","","","","","","","","","","","x","","","","","","","","","","","","x","x","","","","","x","x","","","","","","","","","",""
"28988","","","","1,664,256","1"," blue moon (1, 5, 9, 13, 17) ","","x","x","","","","","x","x","","","","","","","","","","","","","","","","","x","","","","","","","","","","","","x","x","","","","","x","","","","","","x","x","x","","","","x","x","","","","","","","","","",""
"29013","","","","1,664,256","1"," blue moon (2, 6, 10, 14, 18) ","","x","","","","","","x","x","","","","","","","","","","","","","","","","","","","","","","","","","","","","","x","x","","","","","x","","","","","","x","x","x","","","","x","x","","","","","","","","","",""
"29019","","","","1,664,256","1"," blue moon (3, 7, 11, 15, 19) ","","x","","","","","","x","x","","","","","","","","","","","","","","","","","","","","","","","","","","","","","x","x","","","","","","","","","","","x","x","","","","","x","x","","","","","","","","","",""
"29016","","","","1,664,256","1"," blue moon (4, 8, 12, 16, 20) ","","x","","","","","","x","x","","","","","","","","","","","","","","","","","","","","","","","","","","","","","x","","","","","","","","","","","","x","x","","","","","x","x","","","","","","","","","",""
"","","","","","30"," Fortis Colosseum ","","","","","","","","","","","","","","","","","","","","","","","","","","","","","","","","","","","","","","x","x","","","","","x","x","x","","","","x","","","","","","","","","","","","","","","","",""
"29084","","","","72,637","3"," echo crystal ","","x","","","","","","x","","","","","","","","","","","","x","x","","","","","","","","","","","","","","","","","x","x","x","x","x","","x","x","x","x","x","","x","x","","","","","","","","","","","","","","","",""
"","","","","","0"," sunfire (1, 4, 7, 10, 13) ","","x","","","","","","x","","","","","","","","","","","","x","","","","","","x","","","","","","","","","","","","x","x","","","","","x","x","x","x","","","x","","","","","","","","","","","","","","","","",""
"","","","","","0"," sunfire (2, 5, 8, 11, 14) ","","x","","","","","","x","","","","","","","","","","","","x","","","","","","x","","","","","","","","","","","","x","x","","","","","x","x","x","x","","","x","","","","","","","","","","","","","","","","",""
"","","","","","0"," sunfire (3, 6, 9, 12, 15) ","","","","","","","","","","","","","","","","","","","","","","","","","","","","","","","","","","","","","","x","x","","","","","x","x","x","","","","x","","","","","","","","","","","","","","","","",""
"28933","","","","1,470,014","5"," sunfire helm (bonus) ","","x","x","","","","","x","","","","","","","","","","","","","","","","","","","","","","","","","","","","","","x","x","","","","","x","x","x","x","x","","x","","","","","","","","","","","","","","","","",""
"28936","","","","2,661,417","5"," sunfire cuirass (bonus) ","","","","","","","","","","","","","","","","","","","","","","","","","","x","","","","","","","","","","","","x","x","","","","","x","x","x","x","","","x","x","","","","","","","","","","","","","","","",""
"28939","","","","2,910,978","5"," sunfire chausses (bonus) ","","","","","","","","x","","","","","","","","","","","","x","x","","","","","x","","","","","","","","","","","","x","x","","","","","x","x","","","","","","","","","","","","","","","","","","","","","",""
"28919","","","","52,066,059","18"," tonalztics of ralos ","","","","","","","","","","","","","","","","","","","","","","","","","","x","","","","","","","","","","","","x","x","","","","","x","x","x","","","","","","","","","","","","","","","","","","","","",""
"","","","","","10"," Elder Chaos Druid ","","","","","","","","","","","","","","","","","","","","","","","","","","","","","","","","","","","","","","x","x","","","","","","","","","","","x","","","","","","x","","","","","","","","","","",""
"20595","","","","203,203","3"," elder chaos hood ","","","","","","","","x","x","x","","","","","","","","","","x","","","","","","","","","","","","","","","","","","x","x","","","","","","","","","","","x","x","x","","","","x","","","","","","","","","","",""
"20520","","","","213,046","3"," elder chaos top ","","","","","","","","","","","","","","","","","","","","","","","","","","","","","","","","","","","","","","x","x","x","","","","","","","","","","x","x","","","","","x","","","","","","","","","","",""
"20517","","","","203,825","3"," elder chaos robe  ","","","","","","","","x","x","","","","","","","","","","","","","","","","","x","","","","","","","","","","","","x","x","x","x","x","","","","","","","","x","","","","","","x","x","x","","","","","","","","",""
"","","","","","10"," Tormented Demon ","","","","","","","","","","","","","","","","","","","","","","","","","","","","","","","","","","","","","","","","","","","","","","","","","","","","","","","","","","","","","","","","","","",""
"29580","","","","33,965,709","4"," synapse  (1, 3, 5, 7, 9) ","","x","x","","","","","x","","","","","","","","","","","","x","","","","","","","","","","","","","","","","","","x","","","","","","","","","","","","x","","","","","","x","x","x","","","","x","","","","",""
"29580","","","","33,965,709","4"," synapse  (2, 4, 6, 8, 10) ","","x","","","","","","","","","","","","","","","","","","","","","","","","","","","","","","","","","","","","","","","","","","","","","","","","","","","","","","x","x","x","","","","","","","","",""
"29574","","","","2,091,928","4"," bone claw  (1, 3, 5, 7, 9) ","","x","","","","","","x","","","","","","","","","","","","x","","","","","","x","","","","","","","","","","","","x","","","","","","","","","","","","x","x","","","","","x","","","","","","x","x","","","",""
"29574","","","","2,091,928","4"," bone claw  (2, 4, 6, 8, 10) ","","","","","","","","","","","","","","","","","","","","x","","","","","","","","","","","","","","","","","","","","","","","","","","","","","","x","","","","","","","","","","","","x","x","","","",""
"","","","","","80"," Chambers of Xeric ","","x","","","","","","","","","","","","","","","","","","","","","","","","","","","","","","","","","","","","x","","","","","","","","","","","","","","","","","","","","","","","","","","","","",""
"21079","","","","5,143,230","4"," arcane prayer scroll ","","x","x","x","x","x","","x","x","","","","","","","","","","","x","x","x","x","","","x","x","","","","","","","","","","","x","x","x","x","x","","x","","","","","","x","x","x","x","x","","x","x","x","","","","","","","","",""
"21034","","","","16,165,766","4"," dexterous prayer scroll ","","x","x","x","x","","","x","x","","","","","","","","","","","x","x","","","","","x","","","","","","","","","","","","x","x","x","x","x","","x","x","","","","","x","x","x","x","x","","x","x","x","x","x","","","","","","",""
"21000","","","","17,699,187","12"," twister buckler ","","x","x","","","","","x","","","","","","","","","","","","","","","","","","","","","","","","","","","","","","x","x","","","","","","","","","","","","","","","","","","","","","","","","","","","",""
"21012","","","","37,937,924","12"," dragon hunter crossbow ","","x","","","","","","","","","","","","","","","","","","","","","","","","","","","","","","","","","","","","x","","","","","","","","","","","","x","","","","","","","","","","","","","","","","",""
"","","","","","0"," any rare  (1, 3, 5, 7, 9) ","","x","x","x","x","","","x","","","","","","","","","","","","x","","","","","","x","","","","","","","","","","","","x","x","x","","","","x","","","","","","x","x","","","","","x","","","","","","x","","","","",""
"","","","","","0"," any rare  (2, 4, 6, 8, 10) ","","x","x","x","","","","x","","","","","","","","","","","","","","","","","","","","","","","","","","","","","","x","x","x","","","","","","","","","","x","","","","","","","","","","","","x","","","","",""
"","","","","","0"," any megarare ","","x","x","x","x","x","","","","","","","","","","","","","","","","","","","","","","","","","","","","","","","","x","","","","","","","","","","","","x","","","","","","","","","","","","","","","","",""
"21015","","","","13,858,986","20"," dinh's bulwark (bonus) ","","x","x","","","","","","","","","","","","","","","","","","","","","","","","","","","","","","","","","","","x","x","","","","","","","","","","","","","","","","","","","","","","","","","","","",""
"13652","","","","39,676,327","20"," dragon claws (bonus) ","","x","x","","","","","","","","","","","","","","","","","","","","","","","","","","","","","","","","","","","","","","","","","","","","","","","x","x","","","","","","","","","","","","","","","",""
"21018","","","","55,763,441","20"," ancestral hat (bonus) ","","x","x","","","","","","","","","","","","","","","","","","","","","","","","","","","","","","","","","","","","","","","","","","","","","","","x","","","","","","","","","","","","x","","","","",""
"21021","","","","121,164,763","20"," ancestral robe top (bonus) ","","x","","","","","","x","","","","","","","","","","","","","","","","","","","","","","","","","","","","","","x","","","","","","","","","","","","","","","","","","x","","","","","","","","","","",""
"21024","","","","81,130,832","20"," ancestral robe bottom (bonus) ","","","","","","","","x","","","","","","","","","","","","x","","","","","","x","","","","","","","","","","","","x","x","x","","","","x","","","","","","","","","","","","","","","","","","x","","","","",""
"21003","","","","98,938,982","40"," elder maul (bonus) ","","","","","","","","","","","","","","","","","","","","","","","","","","","","","","","","","","","","","","","","","","","","","","","","","","x","","","","","","","","","","","","","","","","",""
"21043","","","","61,254,546","40"," kodai insignia (bonus) ","","x","x","","","","","","","","","","","","","","","","","","","","","","","","","","","","","","","","","","","","","","","","","","","","","","","x","","","","","","","","","","","","","","","","",""
"20997","","","","1,486,734,382","40"," twisted bow (bonus) ","","x","x","x","","","","","","","","","","","","","","","","","","","","","","","","","","","","","","","","","","x","","","","","","","","","","","","","","","","","","","","","","","","","","","","",""
"","","","","","20"," kit (bonus) ","","x","x","x","x","x","","x","","","","","","","","","","","","","","","","","","","","","","","","","","","","","","x","x","x","","","","x","","","","","","x","x","x","x","x","","x","x","x","x","","","","","","","",""
"","","","","","75"," dust (bonus) ","","x","","","","","","","","","","","","","","","","","","","","","","","","","","","","","","","","","","","","","","","","","","","","","","","","x","","","","","","","","","","","","","","","","",""
"","","","","","75"," pet (bonus) ","","","","","","","","","","","","","","","","","","","","","","","","","","x","","","","","","","","","","","","x","","","","","","","","","","","","","","","","","","x","","","","","","","","","","",""
"","","","","","70"," Theater of Blood ","","","","","","","","","","","","","","","","","","","","","","","","","","","","","","","","","","","","","","x","","","","","","","","","","","","x","","","","","","x","","","","","","","","","","",""
"22477","","","","31,110,519","8"," avernic defender hilt ","","x","x","x","x","x","","x","x","x","x","","","","","","","","","","","","","","","","","","","","","","","","","","","x","x","x","x","x","","x","x","x","x","x","","x","x","x","x","x","","x","x","","","","","","","","","",""
"","","","","","0"," any justiciar (1, 4, 7, 10, 13) ","","x","x","","","","","x","","","","","","","","","","","","x","","","","","","","","","","","","","","","","","","x","x","x","x","","","x","","","","","","x","x","","","","","x","x","","","","","","","","","",""
"","","","","","0"," any justiciar (2, 5, 8, 11, 14) ","","x","x","","","","","","","","","","","","","","","","","x","","","","","","","","","","","","","","","","","","x","x","x","x","","","","","","","","","x","","","","","","x","","","","","","","","","","",""
"","","","","","0"," any justiciar (3, 6, 9, 12, 15) ","","x","","","","","","","","","","","","","","","","","","x","","","","","","","","","","","","","","","","","","x","x","x","","","","","","","","","","x","","","","","","x","","","","","","","","","","",""
"22327","","","","9,755,146","25"," sanguinesti staff ","","x","x","x","","","","","","","","","","","","","","","","","","","","","","","","","","","","","","","","","","x","x","x","x","x","","x","","","","","","x","x","x","x","x","","x","","","","","","","","","","",""
"22328","","","","9,719,827","25"," ghrazi rapier ","","x","","","","","","","","","","","","","","","","","","","","","","","","x","","","","","","","","","","","","x","x","","","","","","","","","","","x","x","","","","","x","","","","","","","","","","",""
"22486","","","","1,296,342,309","50"," scythe of vitur ","","","","","","","","","","","","","","","","","","","","","","","","","","","","","","","","","","","","","","x","","","","","","","","","","","","x","x","","","","","x","x","","","","","","","","","",""
"22326","","","","10,555,166","15"," justiciar faceguard (bonus) ","","x","x","x","","","","x","","","","","","","","","","","","x","","","","","","","","","","","","","","","","","","x","x","x","x","x","","x","","","","","","x","","","","","","x","","","","","","","","","","",""
"22327","","","","9,755,146","15"," justiciar chestguard (bonus) ","","x","","","","","","","","","","","","","","","","","","x","","","","","","","","","","","","","","","","","","x","x","x","","","","","","","","","","x","x","","","","","x","x","","","","","","","","","",""
"22328","","","","9,719,827","15"," justiciar legguards (bonus) ","","x","","","","","","","","","","","","","","","","","","x","","","","","","","","","","","","","","","","","","x","x","x","","","","","","","","","","x","","","","","","x","","","","","","","","","","",""
"","","","","","25"," ornament kit (bonus) ","","x","x","","","","","x","","","","","","","","","","","","","","","","","","","","","","","","","","","","","","x","x","x","x","x","","x","x","","","","","x","x","x","x","x","","x","x","x","","","","","","","","",""
"","","","","","75"," sanguine dust (bonus) ","","","","","","","","x","","","","","","","","","","","","","","","","","","","","","","","","","","","","","","x","x","","","","","x","","","","","","x","","","","","","x","","","","","","","","","","",""
"","","","","","100"," pet (bonus) ","","x","x","x","","","","","","","","","","","","","","","","","","","","","","","","","","","","","","","","","","x","x","x","x","x","","x","","","","","","","","","","","","","","","","","","","","","","",""
"","","","","","60"," Tombs of Amascut ","","x","","","","","","","","","","","","","","","","","","","","","","","","x","","","","","","","","","","","","x","x","x","x","","","x","","","","","","x","x","","","","","","","","","","","","","","","",""
"25975","","","","3,940,661","8"," lightbearer ","","x","x","x","x","x","","x","x","x","","","","","","","","","","x","","","","","","x","x","x","","","","","","","","","","x","x","x","x","x","","x","x","","","","","x","x","x","x","x","","x","x","x","x","x","","","","","","",""
"26219","","","","18,420,002","8"," osmunten's fang ","","x","x","x","x","x","","x","x","x","x","","","","","","","","","x","","","","","","x","x","x","x","","","","","","","","","x","x","x","x","x","","x","x","x","x","x","","x","x","x","x","x","","","","","","","","x","x","","","",""
"","","","","","0"," masori (1, 4, 7, 10, 13) ","","x","x","","","","","","","","","","","","","","","","","","","","","","","x","","","","","","","","","","","","x","x","x","x","","","x","","","","","","x","x","x","x","","","x","x","","","","","x","","","","",""
"","","","","","0"," masori (2, 5, 8, 11, 14) ","","x","x","","","","","","","","","","","","","","","","","","","","","","","x","","","","","","","","","","","","x","x","x","x","","","x","","","","","","x","x","x","x","","","x","x","","","","","x","","","","",""
"","","","","","0"," masori (3, 6, 9, 12, 15) ","","x","","","","","","","","","","","","","","","","","","","","","","","","x","","","","","","","","","","","","x","x","x","x","","","x","","","","","","x","x","x","","","","x","x","","","","","x","","","","",""
"27232","","","","29,303,916","25"," elidinis' ward ","","x","x","","","","","x","x","","","","","","","","","","","","","","","","","x","","","","","","","","","","","","x","x","x","x","x","","x","","","","","","x","x","x","x","x","","x","","","","","","x","","","","",""
"27277","","","","820,704,636","50"," tumeken's shadow ","","x","","","","","","","","","","","","","","","","","","","","","","","","x","","","","","","","","","","","","x","x","x","x","x","","x","","","","","","x","x","","","","","","","","","","","","","","","",""
"","","","","","10"," any jewel (bonus) ","","x","","","","","","x","x","","","","","","","","","","","x","","","","","","x","x","x","","","","","","","","","","x","x","x","x","","","x","x","","","","","x","x","x","x","x","","x","","","","","","x","x","x","x","x",""
"27226","","","","10,984,633","15"," masori mask (bonus) ","","x","","","","","","","","","","","","","","","","","","","","","","","","x","","","","","","","","","","","","x","x","x","x","","","x","","","","","","x","x","","","","","x","x","","","","","","","","","",""
"27229","","","","42,269,538","15"," masori body (bonus) ","","x","x","","","","","","","","","","","","","","","","","","","","","","","x","","","","","","","","","","","","x","x","x","x","x","","x","x","","","","","x","x","x","x","","","x","x","x","","","","x","","","","",""
"27232","","","","29,303,916","15"," masori chaps (bonus) ","","x","x","","","","","","","","","","","","","","","","","","","","","","","x","","","","","","","","","","","","x","x","x","","","","","","","","","","x","x","x","x","x","","x","","","","","","x","x","","","",""
"","","","","","100"," pet (bonus) ","","","","","","","","","","","","","","","","","","","","x","","","","","","","","","","","","","","","","","","x","x","","","","","x","","","","","","","","","","","","","","","","","","","","","","",""
"","","","","","60"," Champion Scrolls ","","x","","","","","","","","","","","","","","","","","","","","","","","","","","","","","","","","","","","","x","","","","","","","","","","","","x","","","","","","","","","","","","","","","","",""
"","","","","","2"," goblin scroll ","","x","","","","","","","","","","","","","","","","","","x","","","","","","x","","","","","","","","","","","","x","","","","","","x","","","","","","x","x","x","","","","","","","","","","","","","","",""
"","","","","","3"," imp scroll ","","x","","","","","","x","","","","","","","","","","","","x","x","","","","","","","","","","","","","","","","","x","","","","","","","","","","","","x","","","","","","","","","","","","","","","","",""
"","","","","","4"," hobgoblin scroll ","","x","","","","","","","","","","","","","","","","","","","","","","","","","","","","","","","","","","","","x","","","","","","","","","","","","x","x","","","","","","","","","","","","","","","",""
"","","","","","6"," skeleton scroll ","","x","x","","","","","","","","","","","","","","","","","","","","","","","","","","","","","","","","","","","x","","","","","","","","","","","","x","x","x","","","","x","x","","","","","x","","","","",""
"","","","","","7"," zombie scroll ","","x","","","","","","x","","","","","","","","","","","","","","","","","","","","","","","","","","","","","","x","x","","","","","","","","","","","x","x","x","x","","","x","x","","","","","","","","","",""
"","","","","","8"," jogre scroll ","","x","x","","","","","","","","","","","","","","","","","","","","","","","","","","","","","","","","","","","x","","","","","","","","","","","","x","","","","","","","","","","","","","","","","",""
"","","","","","10"," giant scroll ","","x","","","","","","","","","","","","","","","","","","","","","","","","","","","","","","","","","","","","x","x","","","","","x","","","","","","x","","","","","","x","","","","","","","","","","",""
"","","","","","10"," ghoul scroll ","","x","","","","","","","","","","","","","","","","","","","","","","","","","","","","","","","","","","","","x","x","","","","","x","","","","","","x","","","","","","","","","","","","","","","","",""
"","","","","","14"," earth warrior scroll ","","x","","","","","","","","","","","","","","","","","","","","","","","","x","","","","","","","","","","","","x","x","","","","","","","","","","","x","","","","","","","","","","","","","","","","",""
"","","","","","16"," lesser demon scroll ","","x","","","","","","","","","","","","","","","","","","","","","","","","x","","","","","","","","","","","","x","x","","","","","","","","","","","x","","","","","","","","","","","","","","","","",""
"","","","","","80"," Slayer non-Boss ","","","","","","","","","","","","","","","","","","","","","","","","","","","","","","","","","","","","","","x","","","","","","","","","","","","x","","","","","","","","","","","","","","","","",""
"11840","","","","234,151","1"," dragon boots ","","x","x","x","x","","","x","x","x","x","x","","","","","","","","x","x","x","x","x","","x","x","x","x","x","","","","","","","","x","x","x","x","x","","x","x","x","x","x","","x","x","x","x","x","","x","x","x","x","x","","x","x","x","x","x",""
"11037","","","","239,402","2"," brine sabre ","","x","x","","","","","x","","","","","","","","","","","","x","","","","","","x","","","","","","","","","","","","x","x","x","","","","x","","","","","","x","","","","","","x","","","","","","x","","","","",""
"29084","","","","72,637","2"," sulphur blades ","","x","","","","","","x","x","","","","","","","","","","","x","","","","","","x","x","","","","","","","","","","","x","x","","","","","","","","","","","x","","","","","","x","","","","","","x","x","x","x","x",""
"28583","","","","90,338","2"," warped sceptre ","","x","","","","","","","","","","","","","","","","","","x","","","","","","x","x","x","","","","","","","","","","x","x","x","x","","","","","","","","","x","","","","","","","","","","","","x","","","","",""
"8921","","","","1,653,627","2"," black mask ","","x","x","x","","","","","","","","","","","","","","","","x","","","","","","","","","","","","","","","","","","x","x","","","","","x","x","","","","","x","","","","","","","","","","","","x","x","x","","",""
"4151","","","","1,007,525","4"," abyssal whip ","","x","x","x","x","x","","x","x","x","x","x","","","","","","","","x","","","","","","x","x","x","x","x","","","","","","","","x","x","x","x","","","x","x","x","x","","","x","x","x","x","x","","x","x","x","x","x","","x","x","x","","",""
"11235","","","","916,163","6"," dark bow ","","x","x","x","x","x","","x","x","x","","","","","","","","","","x","","","","","","x","x","","","","","","","","","","","x","x","x","","","","x","","","","","","x","x","x","x","","","","","","","","","x","","","","",""
"20727","","","","60,787","6"," leaf-bladed battleaxe ","","x","x","","","","","x","","","","","","","","","","","","","","","","","","x","x","x","","","","","","","","","","x","","","","","","","","","","","","x","","","","","","","","","","","","","","","","",""
"24777","","","","7,391,366","10"," blood shard (pvm) ","","x","x","x","","","","x","","","","","","","","","","","","x","","","","","","x","x","","","","","","","","","","","x","x","x","","","","x","x","x","x","","","x","x","","","","","x","x","x","","","","","","","","",""
"22957","","","","240,967","10"," drake's claw ","","x","x","x","x","x","","x","x","","","","","","","","","","","","","","","","","x","","","","","","","","","","","","x","","","","","","","","","","","","x","","","","","","","","","","","","","","","","",""
"22960","","","","59,323","10"," drake's tooth ","","x","x","x","","","","x","","","","","","","","","","","","x","x","","","","","x","","","","","","","","","","","","x","","","","","","","","","","","","x","","","","","","","","","","","","","","","","",""
"29806","","","","1,719,416","15"," aranea boots ","","x","x","x","x","x","","x","x","x","x","x","","","","","","","","x","x","","","","","x","x","x","x","x","","","","","","","","x","x","x","x","x","","x","x","","","","","x","x","x","x","x","","x","x","x","x","x","","x","","","","",""
"24268","","","","15,740,287","20"," basilisk jaw ","","x","","","","","","","","","","","","","","","","","","x","","","","","","","","","","","","","","","","","","x","","","","","","x","","","","","","x","","","","","","","","","","","","x","x","","","",""
"21637","","","","30,250,965","100"," wyvern visage ","","","","","","","","","","","","","","","","","","","","","","","","","","","","","","","","","","","","","","x","","","","","","","","","","","","x","x","","","","","","","","","","","x","","","","",""
"","","","","","80"," Miscellaneous I ","","","","","","","","","","","","","","","","","","","","","","","","","","","","","","","","","","","","","","","","","","","","","","","","","","","","","","","","","","","","","","","","","","",""
"28813","","","","1,144,203","2"," broken zombie axe ","","x","","","","","","","","","","","","","","","","","","","","","","","","x","","","","","","","","","","","","x","","","","","","x","x","x","x","","","x","x","","","","","","","","","","","x","","","","",""
"","","","","","10"," scorpia pet ","","","","","","","","","","","","","","","","","","","","","","","","","","","","","","","","","","","","","","","","","","","","","","","","","","","","","","","","","","","","","","","","","","",""
"21918","","","","642,767","18"," dragon limbs ","","x","","","","","","","","","","","","","","","","","","","","","","","","","","","","","","","","","","","","x","x","x","x","","","","","","","","","x","x","x","x","x","","","","","","","","","","","","",""
"13576","","","","14,621,644","25"," dragon warhammer ","","","","","","","","x","","","","","","","","","","","","","","","","","","","","","","","","","","","","","","","","","","","","","","","","","","","","","","","","","","","","","","","","","","",""
"20736","","","","11,621","50"," dust battlestaff (superior) ","","","","","","","","","","","","","","","","","","","","","","","","","","","","","","","","","","","","","","x","x","","","","","","","","","","","x","x","","","","","x","","","","","","","","","","",""
"22103","","","","134,636","50"," dragon lump ","","","","","","","","","","","","","","","","","","","","","","","","","","","","","","","","","","","","","","","","","","","","","","","","","","","","","","","","","","","","","","","","","","",""
"20724","","","","94,240,652","100"," imbued heart ","","","","","","","","","","","","","","","","","","","","","","","","","","","","","","","","","","","","","","x","","","","","","","","","","","","x","x","","","","","x","","","","","","","","","","",""
"","","","","","80"," Miscellaneous II ","","","","","","","","","","","","","","","","","","","","","","","","","","","","","","","","","","","","","","x","","","","","","","","","","","","","","","","","","","","","","","","","","","","",""
"","","","","","1"," long bone ","","x","x","x","x","x","","x","x","x","x","x","","","","","","","","x","x","x","x","x","","x","x","x","x","x","","","","","","","","x","x","x","x","x","","x","x","x","x","x","","x","x","x","x","x","","x","x","x","x","x","","x","x","x","x","x",""
"6809","","","","40,966","10"," granite legs ","","x","x","","","","","","","","","","","","","","","","","","","","","","","x","x","x","","","","","","","","","","x","x","x","","","","x","","","","","","x","","","","","","","","","","","","","","","","",""
"","","","","","12"," curved bone ","","x","x","x","x","x","","x","x","","","","","","","","","","","x","","","","","","","","","","","","","","","","","","x","x","x","x","x","","x","","","","","","x","x","x","x","x","","x","","","","","","x","","","","",""
"23959","","","","3,497,244","12"," enhanced crystal tele seed (pvm) ","","x","x","","","","","","","","","","","","","","","","","","","","","","","","","","","","","","","","","","","x","x","x","","","","","","","","","","x","x","x","","","","","","","","","","","","","","",""
"20730","","","","71,043","50"," mist battlestaff (superior) ","","x","x","x","x","","","x","","","","","","","","","","","","","","","","","","","","","","","","","","","","","","x","x","","","","","x","x","","","","","x","x","x","x","x","","","","","","","","","","","","",""
"22100","","","","74,115,256","50"," dragon metal slice ","","","","","","","","","","","","","","","","","","","","","","","","","","","","","","","","","","","","","","x","","","","","","","","","","","","","","","","","","","","","","","","","","","","",""
"21270","","","","8,185,606","100"," eternal gem ","","","","","","","","","","","","","","","","","","","","","","","","","","x","","","","","","","","","","","","x","","","","","","","","","","","","","","","","","","","","","","","","","","","","",""
"","","","","","100"," Bounty challenge #1 ","","x","","","","","","x","","","","","","","","","","","","x","","","","","","x","","","","","","","","","","","","x","","","","","","x","","","","","","x","","","","","","x","","","","","","","","","","",""
"","","","","",""," dragon spear ","","x","","","","","","x","","","","","","","","","","","","x","","","","","","x","","","","","","","","","","","","x","","","","","","x","","","","","","x","","","","","","x","","","","","","","","","","",""
"","","","","",""," shield left half ","","x","","","","","","x","","","","","","","","","","","","x","","","","","","x","","","","","","","","","","","","x","","","","","","x","","","","","","x","","","","","","x","","","","","","","","","","",""
"","","","","","100"," Bounty challenge #2 ","","","","","","","","","","","","","","","","","","","","","","","","","","","","","","","","","","","","","","x","","","","","","","","","","","","","","","","","","","","","","","","","","","","",""
"","","","","",""," mole pet #1 ","","x","","","","","","","","","","","","","","","","","","x","","","","","","","","","","","","","","","","","","x","","","","","","x","","","","","","","","","","","","","","","","","","","","","","",""
"","","","","",""," mole pet #2 ","","","","","","","","","","","","","","","","","","","","","","","","","","","","","","","","","","","","","","x","","","","","","","","","","","","","","","","","","","","","","","","","","","","",""
"","","","","",""," mole pet #3 ","","","","","","","","","","","","","","","","","","","","","","","","","","","","","","","","","","","","","","x","","","","","","","","","","","","","","","","","","","","","","","","","","","","",""
"","","","","","100"," Bounty challenge #3 ","","","","","","","","","","","","","","","","","","","","x","","","","","","","","","","","","","","","","","","x","","","","","","","","","","","","","","","","","","","","","","","","","","","","",""
"","","","","",""," zalcano unique #1 ","","","","","","","","x","","","","","","","","","","","","x","","","","","","","","","","","","","","","","","","x","","","","","","","","","","","","","","","","","","","","","","","","","","","","",""
"","","","","",""," zalcano unique #2 ","","","","","","","","","","","","","","","","","","","","x","","","","","","","","","","","","","","","","","","x","","","","","","","","","","","","","","","","","","","","","","","","","","","","",""
"","","","","",""," zalcano unique #3 ","","","","","","","","","","","","","","","","","","","","x","","","","","","","","","","","","","","","","","","x","","","","","","","","","","","","","","","","","","","","","","","","","","","","",""
"","","","","","100"," Bounty challenge #4 ","","x","","","","","","x","","","","","","","","","","","","x","","","","","","x","","","","","","","","","","","","x","","","","","","x","","","","","","x","","","","","","x","","","","","","x","","","","",""
"","","","","",""," ancient ceremonial piece #1 ","","x","","","","","","x","","","","","","","","","","","","x","","","","","","x","","","","","","","","","","","","x","","","","","","x","","","","","","x","","","","","","x","","","","","","x","","","","",""
"","","","","",""," ancient ceremonial piece #2 ","","x","","","","","","x","","","","","","","","","","","","x","","","","","","x","","","","","","","","","","","","x","","","","","","x","","","","","","x","","","","","","x","","","","","","x","","","","",""
"","","","","",""," ancient ceremonial piece #3 ","","x","","","","","","x","","","","","","","","","","","","x","","","","","","x","","","","","","","","","","","","x","","","","","","x","","","","","","x","","","","","","x","","","","","","x","","","","",""
"","","","","",""," ancient ceremonial piece #4 ","","x","","","","","","x","","","","","","","","","","","","x","","","","","","x","","","","","","","","","","","","x","","","","","","x","","","","","","x","","","","","","x","","","","","","x","","","","",""
"","","","","","100"," Bounty challenge #5 ","","","","","","","","","","","","","","","","","","","","","","","","","","","","","","","","","","","","","","","","","","","","","","","","","","","","","","","","","","","","","","","","","","",""
"","","","","",""," Bran Pet #1 ","","","","","","","","","","","","","","","","","","","","x","","","","","","","","","","","","","","","","","","","","","","","","","","","","","","","","","","","","","","","","","","","","","","",""
"","","","","",""," Bran Pet #2 ","","","","","","","","","","","","","","","","","","","","","","","","","","","","","","","","","","","","","","","","","","","","","","","","","","","","","","","","","","","","","","","","","","",""
"","","","","",""," Bran Pet #3 ","","","","","","","","","","","","","","","","","","","","","","","","","","","","","","","","","","","","","","","","","","","","","","","","","","","","","","","","","","","","","","","","","","",""
"","","","","",""," Bran Pet #4 ","","","","","","","","","","","","","","","","","","","","","","","","","","","","","","","","","","","","","","","","","","","","","","","","","","","","","","","","","","","","","","","","","","",""
"","","","","","","","","4245","1722","701","253","69","","3421","1198","403","140","39","","0","0","0","0","0","","1879","433","173","42","14","","2817","670","234","86","27","","0","0","0","0","0","","6250","2829","1375","650","188","","2523","534","202","69","25","","5467","2782","1148","492","174","","3386","1149","498","182","61","","1329","332","92","38","12",""